municipio_nombre,municipio_id,objeto,establecimiento,nombre_establecimiento,longitud,latitud,
25 de Mayo,06854,Edificio de Cultura,Biblioteca Popular,Biblioteca Popular Esteban Echeverría,-60.0787,-35.1672,
25 de Mayo,06854,Edificio de Cultura,Comité Cultural y Biblioteca,Comité Cultural y Biblioteca Juan Francisco Ibarra,-60.1714,-35.4329,
9 de Julio,06588,Edificio de Cultura,Biblioteca Popular,Biblioteca Popular Anastasio Prieto,-60.8667,-35.4333,
9 de Julio,06588,Edificio de Cultura,Biblioteca Popular,Biblioteca Popular José Ingenieros,-60.8834,-35.446,
9 de Julio,06588,Edificio de Cultura,Cine Teatro,Cine Teatro Rossini,-60.8846,-35.4455,
Adolfo Alsina,06007,Edificio de Cultura,Biblioteca Popular Pública,Biblioteca Popular Pública Adolfo Alsina,-62.7601,-37.1809,
Adolfo Alsina,06007,Edificio de Cultura,Museo,Museo Regional Doctor Adolfo Alsina,-62.7618,-37.1812,
Adolfo Alsina,06007,Edificio de Cultura,Otro,Casa del Bicentenario,-63.0009,-37.0005,
Adolfo Alsina,06007,Edificio de Cultura,Biblioteca Popular,Biblioteca Popular José Ingenieros,-63.2471,-37.1626,
Adolfo Gonzales Chaves,06014,Edificio de Cultura,Sociedad Biblioteca Popular,Sociedad Biblioteca Popular Bernardino Rivadavia,-60.0994,-38.0346,
Adolfo Gonzales Chaves,06014,Edificio de Cultura,Biblioteca Popular,Biblioteca Popular Doctor Víctor H. Barrera,-60.4145,-37.9625,
Alberti,06021,Edificio de Cultura,Biblioteca Popular,Biblioteca Popular Andrés Vaccarezza,-60.2783,-35.0311,
Alberti,06021,Edificio de Cultura,Biblioteca Popular,Biblioteca Popular Florentino Ameghino,-60.305,-34.8417,
Almirante Brown,06028,Edificio de Cultura,Biblioteca Popular,Biblioteca Popular Alfonsina Storni,-58.3243,-34.7777,
Almirante Brown,06028,Edificio de Cultura,Biblioteca Popular,Biblioteca Popular Gabriela Mistral,-58.3272,-34.7733,
Almirante Brown,06028,Edificio de Cultura,Otro,La Casa Espacio de Debate y Cultura,-58.3345,-34.7975,
Almirante Brown,06028,Edificio de Cultura,Biblioteca Popular,Biblioteca Popular Mahatma Gandhi,-58.3364,-34.7999,
Almirante Brown,06028,Edificio de Cultura,Biblioteca Popular,Biblioteca Popular Arturo Jauretche,-58.3549,-34.7742,
Almirante Brown,06028,Edificio de Cultura,Biblioteca Popular,Biblioteca Popular Tito Brandsma,-58.3606,-34.7711,
Almirante Brown,06028,Edificio de Cultura,Biblioteca Popular,Biblioteca Popular Epifanía de la Bra. de Echagué,-58.3667,-34.7833,
Almirante Brown,06028,Edificio de Cultura,Biblioteca Popular,Biblioteca Popular Manuel Belgrano del Barrio de Villa Paris,-58.3788,-34.879,
Almirante Brown,06028,Edificio de Cultura,Otro,Amigos de la Biblioteca Esteban Adrogue,-58.3815,-34.7973,
Almirante Brown,06028,Edificio de Cultura,Centro Cultural,Centro Cultural El Gaucho,-58.3853,-34.826,
Almirante Brown,06028,Edificio de Cultura,Biblioteca Popular,Biblioteca Popular Pablo Rojas Paz,-58.3858,-34.8915,
Almirante Brown,06028,Edificio de Cultura,Biblioteca Popular,Biblioteca Popular Atahualpa Yupanqui,-58.3864,-34.8586,
Almirante Brown,06028,Edificio de Cultura,Centro Cultural,Centro Cultural de Adrogue,-58.388,-34.801,
Almirante Brown,06028,Edificio de Cultura,Biblioteca Popular y Sociedad de Fomento,Biblioteca Popular y Sociedad de Fomento Martín Fierro,-58.3884,-34.8683,
Almirante Brown,06028,Edificio de Cultura,Espacio Cultural,Espacio Cultural Superarte,-58.391,-34.8601,
Almirante Brown,06028,Edificio de Cultura,Museo,Museo Claudio León Sempere,-58.3945,-34.8273,
Almirante Brown,06028,Edificio de Cultura,Biblioteca Popular,Biblioteca Popular Mariano Moreno,-58.395,-34.8264,
Almirante Brown,06028,Edificio de Cultura,Biblioteca Popular,Biblioteca Popular Fray Luis Beltran,-58.3995,-34.8944,
Almirante Brown,06028,Edificio de Cultura,Otro,El Semillero,-58.4156,-34.8096,
Arrecifes,06077,Edificio de Cultura,Biblioteca Popular Municipal,Biblioteca Popular Municipal Teniente General Bme. Mitre,-60.1083,-34.0632,
Avellaneda,06035,Edificio de Cultura,Biblioteca Popular,Biblioteca Popular Juan M. de Pueyrredón,-58.316,-34.7007,
Avellaneda,06035,Edificio de Cultura,Centro Cultural,Centro Cultural J. Lynch,-58.3196,-34.6972,
Avellaneda,06035,Edificio de Cultura,Biblioteca Popular y Sociedad de Fomento,Biblioteca Popular y Sociedad de Fomento Nicolás Avellaneda,-58.3207,-34.6902,
Avellaneda,06035,Edificio de Cultura,Biblioteca Popular,Biblioteca Popular Oscar Smith,-58.324,-34.7157,
Avellaneda,06035,Edificio de Cultura,Espacio Cultural,Sarandiarte Espacio cultural,-58.3441,-34.6747,
Avellaneda,06035,Edificio de Cultura,Biblioteca Popular,Biblioteca Popular Dock Sud,-58.3477,-34.65,
Avellaneda,06035,Edificio de Cultura,Sociedad de Fomento Cultura y Biblioteca Popular,Sociedad de Fomento Cultura y Biblioteca Popular Domingo Faustino Sarmi,-58.3525,-34.6844,
Avellaneda,06035,Edificio de Cultura,Biblioteca Popular,Biblioteca Popular Maestro Alfredo Bravo,-58.3542,-34.6667,
Avellaneda,06035,Edificio de Cultura,Biblioteca Popular,Biblioteca Popular General Mitre,-58.3553,-34.6751,
Avellaneda,06035,Edificio de Cultura,Teatro,Teatro Roma,-58.3633,-34.6621,
Avellaneda,06035,Edificio de Cultura,Centro Municipal de Arte,Centro Municipal de Arte de Avellaneda,-58.3654,-34.6631,
Avellaneda,06035,Edificio de Cultura,Teatro,Teatro de la Cuadra,-58.3657,-34.6604,
Avellaneda,06035,Edificio de Cultura,Biblioteca Popular,Biblioteca Popular Doctor Estanislao S. Zeballos,-58.3687,-34.6631,
Avellaneda,06035,Edificio de Cultura,Biblioteca Popular,Biblioteca Popular Juan Bautista Alberdi,-58.3737,-34.6782,
Avellaneda,06035,Edificio de Cultura,Biblioteca Popular,Biblioteca Popular Enrique del Valle Iberlucea,-58.3756,-34.6827,
Avellaneda,06035,Edificio de Cultura,Biblioteca Popular,Biblioteca Popular Presidente Avellaneda,-58.3786,-34.6666,
Avellaneda,06035,Edificio de Cultura,Biblioteca Popular,Biblioteca Popular Alfredo Palacios,-58.3891,-34.6692,
Avellaneda,06035,Edificio de Cultura,Biblioteca Popular,Biblioteca Popular Veladas de estudio despues del trabajo,-58.391,-34.6719,
Ayacucho,06042,Edificio de Cultura,Biblioteca Pública Municipal,Biblioteca Pública Municipal Manuel Vilardaga,-58.4855,-37.1511,
Ayacucho,06042,Edificio de Cultura,Cine,Espacio INCAA Cine Unicen,-58.9958,-36.9988,
Ayacucho,06042,Edificio de Cultura,Centro Cultural,Centro Cultural Universitario de Tandil,-58.9999,-36.9925,
Ayacucho,06042,Edificio de Cultura,Otro,Casa de la Historia y la Cultura del Bicentenario de Tandil,-59.0021,-37.0043,
Azul,06049,Edificio de Cultura,Biblioteca Popular,Biblioteca Popular Almafuerte,-59.4998,-36.38,
Azul,06049,Edificio de Cultura,Espacio Cultural,Espacio Cultural La Criba,-59.8555,-36.7764,
Azul,06049,Edificio de Cultura,Museo,Museo de Arte López Claro,-59.861,-36.7754,
Azul,06049,Edificio de Cultura,Museo Etnográfico,Museo Etnográfico Enrique Squirriu,-59.8649,-36.776,
Azul,06049,Edificio de Cultura,Biblioteca Popular,Biblioteca Popular Bartolomé J. Ronco,-59.8746,-36.7876,
Azul,06049,Edificio de Cultura,Biblioteca Popular,Biblioteca Popular Asociación Cultural de Chillar,-59.982,-37.3131,
Bahía Blanca,06056,Edificio de Cultura,Biblioteca Popular,Biblioteca Popular Mariano Moreno,-61.8927,-38.4843,
Bahía Blanca,06056,Edificio de Cultura,Museo,Museo de la Aviación Naval,-62.1647,-38.7354,
Bahía Blanca,06056,Edificio de Cultura,Biblioteca Popular,Biblioteca Popular Ingeniero Domingo Pronsato,-62.1891,-38.7142,
Bahía Blanca,06056,Edificio de Cultura,Biblioteca Popular,Biblioteca Popular Martín Allica,-62.2126,-38.7397,
Bahía Blanca,06056,Edificio de Cultura,Biblioteca Popular,Biblioteca Popular Don Germán García,-62.2196,-38.6976,
Bahía Blanca,06056,Edificio de Cultura,Biblioteca Popular,Biblioteca Popular Rosario Sur,-62.2429,-38.7413,
Bahía Blanca,06056,Edificio de Cultura,Biblioteca Popular,Biblioteca Popular Ingeniero C. Cipolletti,-62.2438,-38.7148,
Bahía Blanca,06056,Edificio de Cultura,Biblioteca Popular,Biblioteca Popular Bartolomé Mitre,-62.2455,-38.7297,
Bahía Blanca,06056,Edificio de Cultura,Biblioteca Popular,Biblioteca Popular Concepcion U. de Pedernera,-62.249,-38.7142,
Bahía Blanca,06056,Edificio de Cultura,Teatro,Teatro La Panadería,-62.2564,-38.7198,
Bahía Blanca,06056,Edificio de Cultura,Otro,Factor C Espacio de encuentro,-62.2575,-38.7163,
Bahía Blanca,06056,Edificio de Cultura,Biblioteca Popular,Biblioteca Popular Pajarita de Papel,-62.2587,-38.7289,
Bahía Blanca,06056,Edificio de Cultura,Biblioteca Popular,Biblioteca Popular Roberto Payró,-62.2595,-38.7076,
Bahía Blanca,06056,Edificio de Cultura,Museo y Archivo Histórico Municipal,Museo y Archivo Histórico Municipal,-62.26,-38.715,
Bahía Blanca,06056,Edificio de Cultura,Museo,Museo Taller Ferrowhite,-62.2617,-38.7883,
Bahía Blanca,06056,Edificio de Cultura,Museo,Museo de Arte Contemporáneo,-62.2623,-38.713,
Bahía Blanca,06056,Edificio de Cultura,Biblioteca Popular,Biblioteca Popular Eduardo Mallea,-62.2634,-38.755,
Bahía Blanca,06056,Edificio de Cultura,Teatro,Teatro Apolo,-62.266,-38.7159,
Bahía Blanca,06056,Edificio de Cultura,Biblioteca Popular,Biblioteca Popular Mariano Moreno,-62.2664,-38.7825,
Bahía Blanca,06056,Edificio de Cultura,Biblioteca Popular,Biblioteca Popular Bernardino Rivadavia,-62.2671,-38.7189,
Bahía Blanca,06056,Edificio de Cultura,Museo,Museo del Puerto,-62.2673,-38.7869,
Bahía Blanca,06056,Edificio de Cultura,Museo,Museo de la Casa de la Cultura,-62.2673,-38.7056,
Bahía Blanca,06056,Edificio de Cultura,Biblioteca Popular,Biblioteca Popular Simón Rodríguez,-62.2987,-38.6976,
Bahía Blanca,06056,Edificio de Cultura,Biblioteca Popular,Biblioteca Popular Villa Duprat,-62.2997,-38.689,
Bahía Blanca,06056,Edificio de Cultura,Museo,Museo de Ciencias,-62.3087,-38.6928,
Bahía Blanca,06056,Edificio de Cultura,Biblioteca Popular,Biblioteca Popular Gabriela Mistral,-62.3111,-38.7212,
Bahía Blanca,06056,Edificio de Cultura,Asociación,Asociación Asoc. José Hernández,-62.3944,-38.7193,
Balcarce,06063,Edificio de Cultura,Biblioteca Pública,Biblioteca Pública Pablo A. Pizzurno,-58.2544,-37.8457,
Balcarce,06063,Edificio de Cultura,Museo,Museo Juan Manuel Fangio,-58.2555,-37.8482,
Balcarce,06063,Edificio de Cultura,Cine,Cine Paris Balcarce,-58.2562,-37.8486,
Baradero,06070,Edificio de Cultura,Museo Aeronáutico,Museo Aeronáutico Baradero Vicente 'Tito' Churán,-59.4934,-33.8181,
Baradero,06070,Edificio de Cultura,Biblioteca Popular,Biblioteca Popular Domingo Faustino Sarmiento,-59.5014,-33.8071,
Baradero,06070,Edificio de Cultura,Teatro,Teatro San Martín,-59.5014,-33.805,
Baradero,06070,Edificio de Cultura,Biblioteca Popular,Biblioteca Popular José Manuel Estrada,-59.502,-33.8059,
Baradero,06070,Edificio de Cultura,Biblioteca Popular Municipal,Biblioteca Popular Municipal Fray Luis de Bolaños,-59.5052,-33.8047,
Baradero,06070,Edificio de Cultura,Teatro,Teatro Colón Baradero,-59.5055,-33.8056,
Baradero,06070,Edificio de Cultura,Biblioteca Popular,Biblioteca Popular Mario Bravo,-59.5067,-33.8099,
Benito Juárez,06084,Edificio de Cultura,Biblioteca Popular Escolar,Biblioteca Popular Escolar Alfonsina Storni,-59.3901,-37.6384,
Benito Juárez,06084,Edificio de Cultura,Centro Cultural,Centro Cultural Atilio Marinelli,-59.8063,-37.6748,
Benito Juárez,06084,Edificio de Cultura,Biblioteca Popular,Biblioteca Popular Juan J. Bernal Torres,-59.8064,-37.6722,
Berazategui,06091,Edificio de Cultura,Biblioteca Popular,Biblioteca Popular Padre Carlos Mágica,-58.1574,-34.7905,
Berazategui,06091,Edificio de Cultura,Biblioteca Popular,Biblioteca Popular José Ingenieros,-58.1749,-34.7841,
Berazategui,06091,Edificio de Cultura,Biblioteca,Biblioteca Juan María Gutiérrez,-58.1825,-34.8348,
Berazategui,06091,Edificio de Cultura,Biblioteca,Biblioteca Fragata Sarmiento,-58.1831,-34.8066,
Berazategui,06091,Edificio de Cultura,Centro Cultural,Centro Cultural León F. Rigolleau,-58.2007,-34.7582,
Berazategui,06091,Edificio de Cultura,Biblioteca Popular y Centro,Biblioteca Popular y Centro Victoria Ocampo,-58.206,-34.7868,
Berazategui,06091,Edificio de Cultura,Biblioteca Popular,Biblioteca Popular Manuel Belgrano,-58.2065,-34.7647,
Berazategui,06091,Edificio de Cultura,Museo,Museo del Golf,-58.2147,-34.7835,
Berazategui,06091,Edificio de Cultura,Biblioteca Popular,Biblioteca Popular Fundaterra,-58.2641,-34.7726,
Berisso,06098,Edificio de Cultura,Biblioteca Popular,Biblioteca Popular Mariano Moreno,-57.809,-34.8982,
Berisso,06098,Edificio de Cultura,Biblioteca,Biblioteca Manuel Belgrano,-57.8495,-34.8785,
Berisso,06098,Edificio de Cultura,Museo,Museo de Berisso,-57.8556,-34.8764,
Berisso,06098,Edificio de Cultura,Biblioteca Popular,Biblioteca Popular Belisario Roldan,-57.8607,-34.8907,
Berisso,06098,Edificio de Cultura,Biblioteca Popular,Biblioteca Popular Presbítero Pascual Ruberto,-57.8674,-34.8843,
Berisso,06098,Edificio de Cultura,Biblioteca Popular,Biblioteca Popular General Manuel Belgrano,-57.8805,-34.868,
Berisso,06098,Edificio de Cultura,Biblioteca Popular,Biblioteca Popular Mariano Moreno,-57.8811,-34.8709,
Berisso,06098,Edificio de Cultura,Museo,Museo Ornitológico Municipal de Berisso,-57.8838,-34.8687,
Berisso,06098,Edificio de Cultura,Biblioteca,Biblioteca Fiorentino Ameghino,-57.8852,-34.8689,
Berisso,06098,Edificio de Cultura,Biblioteca Popular,Biblioteca Popular Pestalozzi,-57.8891,-34.8715,
Berisso,06098,Edificio de Cultura,Biblioteca,Biblioteca Ricardo Güiraldes,-57.89,-34.8841,
Berisso,06098,Edificio de Cultura,Biblioteca Popular,Biblioteca Popular Almafuerte,-57.8942,-34.8778,
Berisso,06098,Edificio de Cultura,Museo,Museo de la Soda y El Sifón,-57.9221,-34.9012,
Berisso,06098,Edificio de Cultura,Museo,Museo de Historia de la Medicina Dr. Santiago Garostiague,-57.9283,-34.9095,
Bolívar,06105,Edificio de Cultura,Cine,Espacio INCAA Cine Avenida,-60.998,-35.9986,
Bolívar,06105,Edificio de Cultura,Biblioteca Popular,Biblioteca Popular María Alcira Cabrera,-61.1092,-36.2253,
Bolívar,06105,Edificio de Cultura,Biblioteca Popular,Biblioteca Popular Bernardino Rivadavia,-61.1135,-36.2321,
Bolívar,06105,Edificio de Cultura,Biblioteca Popular,Biblioteca Popular Domingo Faustino Sarmiento,-61.1174,-36.2278,
Bolívar,06105,Edificio de Cultura,Teatro,Teatro El Mangrullo,-61.119,-36.2251,
Bolívar,06105,Edificio de Cultura,Biblioteca Popular,Biblioteca Popular Juan María Gutiérrez,-61.1251,-36.2221,
Bolívar,06105,Edificio de Cultura,Biblioteca Popular,Biblioteca Popular Domingo Faustino Sarmiento,-61.4216,-36.4321,
Bragado,06112,Edificio de Cultura,Biblioteca Popular,Biblioteca Popular José Ingenieros,-60.4212,-35.0749,
Bragado,06112,Edificio de Cultura,Biblioteca Popular,Biblioteca Popular Manuel Belgrano,-60.4897,-35.1154,
Bragado,06112,Edificio de Cultura,Biblioteca Popular,Biblioteca Popular Florencio López,-60.5214,-35.322,
Bragado,06112,Edificio de Cultura,Biblioteca Popular,Biblioteca Popular José Ignacio Warnes,-60.5377,-34.9106,
Bragado,06112,Edificio de Cultura,Biblioteca Popular,Biblioteca Popular Bernardino Rivadavia,-60.7601,-34.9071,
Brandsen,06119,Edificio de Cultura,Biblioteca Popular,Biblioteca Popular Jeppener,-58.203,-35.2779,
Brandsen,06119,Edificio de Cultura,Biblioteca Popular,Biblioteca Popular José de San Martín,-58.237,-35.1685,
Brandsen,06119,Edificio de Cultura,Biblioteca Popular,Biblioteca Popular Doctor Frutos Enrique Ortiz,-58.2389,-35.1588,
Campana,06126,Edificio de Cultura,Teatro,Bisellia Teatro Bar,-58.9575,-34.1663,
Campana,06126,Edificio de Cultura,Biblioteca Popular,Biblioteca Popular Pilar A. de Traverso,-58.9596,-34.1689,
Campana,06126,Edificio de Cultura,Biblioteca Popular,Biblioteca Popular Doctor Martín L. Becerra,-58.9601,-34.1708,
Campana,06126,Edificio de Cultura,Biblioteca Popular Pública Municipal,Biblioteca Popular Pública Municipal Doctor O. Amadeo,-58.9603,-34.1636,
Campana,06126,Edificio de Cultura,Teatro,Teatro Municipal Pedro Barbero,-58.9604,-34.1637,
Cañuelas,06134,Edificio de Cultura,Biblioteca Popular,Biblioteca Popular Barrio San Esteban,-58.7412,-35.0371,
Cañuelas,06134,Edificio de Cultura,Cine Teatro,Cine Teatro Cañuelas,-58.7624,-35.0542,
Cañuelas,06134,Edificio de Cultura,Biblioteca Popular,Biblioteca Popular Domingo Faustino Sarmiento,-58.7629,-35.0537,
Capitán Sarmiento,06140,Edificio de Cultura,Biblioteca Popular,Biblioteca Popular Almafuerte,-59.7907,-34.1775,
Carlos Casares,06147,Edificio de Cultura,Cine Teatro,Cine Teatro Verdi,-61.3605,-35.622,
Carlos Casares,06147,Edificio de Cultura,Biblioteca Popular,Biblioteca Popular José Ingenieros,-61.3641,-35.618,
Carlos Casares,06147,Edificio de Cultura,Biblioteca Popular,Biblioteca Popular El Libro Alegre,-61.3659,-35.6223,
Carlos Casares,06147,Edificio de Cultura,Biblioteca Popular,Biblioteca Popular Coop.de la Esc.de Ed.Tec.,-61.3687,-35.6358,
Carlos Casares,06147,Edificio de Cultura,Biblioteca Popular,Biblioteca Popular Ernesto Ocampo,-61.4833,-35.4667,
Carlos Casares,06147,Edificio de Cultura,Biblioteca Popular Escolar,Biblioteca Popular Escolar Doctor Enrique Smith,-61.5936,-35.4952,
Carlos Tejedor,06154,Edificio de Cultura,Biblioteca Popular,Biblioteca Popular Roque Sáenz Peña,-62.4205,-35.3921,
Carlos Tejedor,06154,Edificio de Cultura,Biblioteca Popular,Biblioteca Popular Bernardino Rivadavia,-62.7736,-35.1966,
Carmen de Areco,06161,Edificio de Cultura,Biblioteca Popular,Biblioteca Popular Juan Bautista Alberdi,-59.8214,-34.3781,
Carmen de Areco,06161,Edificio de Cultura,Biblioteca Popular,Biblioteca Popular José Hernández,-59.9,-34.6,
Castelli,06168,Edificio de Cultura,Biblioteca Popular,Biblioteca Popular Juan José Castelli,-57.8033,-36.0885,
Chacabuco,06210,Edificio de Cultura,Biblioteca Popular,Biblioteca Popular Guillermo Rawson,-60.0669,-34.605,
Chacabuco,06210,Edificio de Cultura,Biblioteca Popular,Biblioteca Popular Francisco Moreno,-60.4651,-34.6414,
Chacabuco,06210,Edificio de Cultura,Museo y Archivo Histórico,Museo y Archivo Histórico,-60.4669,-34.641,
Chacabuco,06210,Edificio de Cultura,Biblioteca Popular,Biblioteca Popular Domingo Faustino Sarmiento,-60.4704,-34.6422,
Chascomús,06218,Edificio de Cultura,Biblioteca Popular,Biblioteca Popular del Ipora Padre Luis Sánchez,-57.9962,-35.5681,
Chascomús,06218,Edificio de Cultura,Biblioteca Popular,Biblioteca Popular San José Obrero,-58.0025,-35.564,
Chascomús,06218,Edificio de Cultura,Biblioteca Popular y Sociedad de Fomento,Biblioteca Popular y Sociedad de Fomento Nuestra Señora de Luján,-58.0107,-35.5659,
Chascomús,06218,Edificio de Cultura,Biblioteca Popular,Biblioteca Popular Domingo Faustino Sarmiento,-58.0125,-35.5774,
Chascomús,06218,Edificio de Cultura,Biblioteca Popular,Biblioteca Popular Ambulante y Rural de Chascomus,-58.0128,-35.5593,
Chascomús,06218,Edificio de Cultura,Teatro,Teatro Municipal Brazzola,-58.0142,-35.579,
Chascomús,06218,Edificio de Cultura,Museo,Museo Pampeano de Chascomús,-58.0172,-35.5788,
Chivilcoy,06224,Edificio de Cultura,Cine,Espacio INCAA Centro Cultural Florencio Constantino,-59.9983,-34.9968,
Chivilcoy,06224,Edificio de Cultura,Teatro,Teatro Cine Español,-60.017,-34.895,
Chivilcoy,06224,Edificio de Cultura,Biblioteca Popular,Biblioteca Popular Doctor Antonio Novaro,-60.0177,-34.8965,
Chivilcoy,06224,Edificio de Cultura,Museo,Museo de Artes Plásticas Pompeo Boggio,-60.0227,-34.8913,
Chivilcoy,06224,Edificio de Cultura,Museo,Museo Histórico Municipal F. A. Castagnino,-60.0228,-34.8952,
Colón,06175,Edificio de Cultura,Biblioteca Popular,Biblioteca Popular Mariano Moreno,-61.099,-33.8905,
Coronel de Marina Leonardo Rosales,06182,Edificio de Cultura,Biblioteca Popular Escolar,Biblioteca Popular Escolar Ingeniero Luis Luiggi,-62.0706,-38.8778,
Coronel de Marina Leonardo Rosales,06182,Edificio de Cultura,Cinema,Cinema Colón,-62.0767,-38.8803,
Coronel de Marina Leonardo Rosales,06182,Edificio de Cultura,Biblioteca Popular,Biblioteca Popular Juan Bautista Alberdi,-62.0782,-38.8804,
Coronel de Marina Leonardo Rosales,06182,Edificio de Cultura,Biblioteca Popular,Biblioteca Popular Doctor Ricardo Gutierrez,-62.0784,-38.8777,
Coronel Dorrego,06189,Edificio de Cultura,Biblioteca Popular,Biblioteca Popular Florentino Ameghino,-60.6127,-38.7429,
Coronel Dorrego,06189,Edificio de Cultura,Biblioteca Popular,Biblioteca Popular José A. Guisasola,-61.0917,-38.6744,
Coronel Dorrego,06189,Edificio de Cultura,Museo,Museo Regional Doctor Carlos Funes Derieul,-61.2881,-38.7176,
Coronel Dorrego,06189,Edificio de Cultura,Biblioteca Popular,Biblioteca Popular Coronel Dorrego,-61.2887,-38.7196,
Coronel Pringles,06196,Edificio de Cultura,Museo,Museo de Ciencias Naturales,-61.3486,-37.9835,
Coronel Pringles,06196,Edificio de Cultura,Biblioteca Popular,Biblioteca Popular Pringles,-61.3538,-37.9851,
Coronel Pringles,06196,Edificio de Cultura,Museo,Museo Miguel G. Flesia,-61.3581,-37.9832,
Coronel Suárez,06203,Edificio de Cultura,Asociación Biblioteca Popular Pública Escolar,Asociación Biblioteca Popular Pública Escolar Doctor Baldomero Fernandez More,-61.9237,-37.066,
Coronel Suárez,06203,Edificio de Cultura,Biblioteca Infantil,Biblioteca Infantil de Coronel Suárez,-61.9301,-37.4555,
Coronel Suárez,06203,Edificio de Cultura,Biblioteca Popular,Biblioteca Popular Domingo Faustino Sarmiento,-61.934,-37.4566,
Dolores,06238,Edificio de Cultura,Museo,Museo del Colegio Nacional Aristóbulo del Valle,-57.6729,-36.3186,
Dolores,06238,Edificio de Cultura,Biblioteca Popular,Biblioteca Popular General San Martín,-57.6786,-36.311,
Ensenada,06245,Edificio de Cultura,Biblioteca,Biblioteca Bartolomé Mitre,-57.9019,-34.8608,
Ensenada,06245,Edificio de Cultura,Biblioteca Municipal,Biblioteca Municipal,-57.9026,-34.8629,
Ensenada,06245,Edificio de Cultura,Centro Cultural,Centro Cultural La Vieja Estación,-57.9031,-34.8625,
Ensenada,06245,Edificio de Cultura,Biblioteca Popular,Biblioteca Popular Juan José Paso,-57.9053,-34.8613,
Ensenada,06245,Edificio de Cultura,Biblioteca,Biblioteca General San Martín,-57.9124,-34.8554,
Ensenada,06245,Edificio de Cultura,Biblioteca Popular,Biblioteca Popular Doctor Pedro Goyena,-57.9177,-34.8513,
Ensenada,06245,Edificio de Cultura,Museo y Biblioteca,Museo y Biblioteca Juan Guarnieri - Casa Huarpe,-57.9202,-34.8505,
Ensenada,06245,Edificio de Cultura,Museo,Museo Héroes de Malvinas,-57.924,-34.8464,
Ensenada,06245,Edificio de Cultura,Museo,Museo Histórico Fuerte de la Ensenada de Barragán,-57.9243,-34.8458,
Ensenada,06245,Edificio de Cultura,Museo,Museo Aeronaval,-57.9245,-34.8457,
Ensenada,06245,Edificio de Cultura,Biblioteca Popular,Biblioteca Popular Martín Rodríguez,-57.9319,-34.8969,
Ensenada,06245,Edificio de Cultura,Biblioteca Popular,Biblioteca Popular Mariano Moreno,-57.9327,-34.8976,
Ensenada,06245,Edificio de Cultura,Biblioteca Popular,Biblioteca Popular Osvaldo H. Merlo,-57.9867,-34.8062,
Escobar,06252,Edificio de Cultura,Biblioteca Popular,Biblioteca Popular Juan Bautista Alberdi,-58.7332,-34.4207,
Escobar,06252,Edificio de Cultura,Otro,La Kalimba Espacio de Arte,-58.7916,-34.352,
Escobar,06252,Edificio de Cultura,Teatro,Teatro Municipal Tomas Hugo Seminari,-58.7932,-34.3487,
Escobar,06252,Edificio de Cultura,Biblioteca Popular,Biblioteca Popular Bernardino Rivadavia,-58.832,-34.388,
Esteban Echeverría,06260,Edificio de Cultura,Biblioteca Popular,Biblioteca Popular Florentino Ameghino,-58.447,-34.8064,
Esteban Echeverría,06260,Edificio de Cultura,Biblioteca Popular,Biblioteca Popular El Principito de Monte Grande,-58.4513,-34.8262,
Esteban Echeverría,06260,Edificio de Cultura,Biblioteca Popular,Biblioteca Popular Bernardino Rivadavia,-58.4705,-34.8174,
Esteban Echeverría,06260,Edificio de Cultura,Museo,Museo Histórico Municipal La Campana,-58.4924,-34.8123,
Exaltación de la Cruz,06266,Edificio de Cultura,Museo,Museo del Periodismo Bonaerense,-59.1006,-34.2959,
Exaltación de la Cruz,06266,Edificio de Cultura,Museo,Museo de Arte Sacro Amalia Sosa Palacio de Carol,-59.1008,-34.2956,
Ezeiza,06270,Edificio de Cultura,Biblioteca Popular,Biblioteca Popular Domingo Faustino Sarmiento,-58.5695,-34.8937,
Florencio Varela,06274,Edificio de Cultura,Biblioteca,Biblioteca Manuel Belgrano,-58.1898,-34.8695,
Florencio Varela,06274,Edificio de Cultura,Biblioteca Popular,Biblioteca Popular Lisandro de la Torre,-58.2225,-34.8143,
Florencio Varela,06274,Edificio de Cultura,Museo,Museo Histórico Provincial Guillermo E. Hudson,-58.2301,-34.8547,
Florencio Varela,06274,Edificio de Cultura,Biblioteca Popular,Biblioteca Popular José Martí,-58.2329,-34.8229,
Florencio Varela,06274,Edificio de Cultura,Biblioteca Popular,Biblioteca Popular Santo Tomás de Aquino,-58.2436,-34.8004,
Florencio Varela,06274,Edificio de Cultura,Asociación Cultural y Biblioteca Popular,Asociación Cultural y Biblioteca Popular Doctor Ernesto de Muro,-58.2562,-34.7916,
Florencio Varela,06274,Edificio de Cultura,Biblioteca Popular,Biblioteca Popular Almafuerte,-58.2606,-34.8053,
Florencio Varela,06274,Edificio de Cultura,Biblioteca Popular,Biblioteca Popular Guillermo Enrique Hudson,-58.2679,-34.8096,
Florencio Varela,06274,Edificio de Cultura,Biblioteca Popular,Biblioteca Popular Doctor Florencio Varela,-58.273,-34.8165,
Florencio Varela,06274,Edificio de Cultura,Biblioteca Popular,Biblioteca Popular Poetisa Alfonsina Storni,-58.2738,-34.8683,
Florencio Varela,06274,Edificio de Cultura,Biblioteca Popular,Biblioteca Popular del Centro Cultural Sarmiento,-58.2762,-34.81,
Florencio Varela,06274,Edificio de Cultura,Biblioteca Popular,Biblioteca Popular Florencio Sánchez,-58.2784,-34.84,
Florencio Varela,06274,Edificio de Cultura,Museo,Museo Histórico Municipal de Villa Santa Rosa,-58.2865,-34.8022,
Florencio Varela,06274,Edificio de Cultura,Biblioteca Popular,Biblioteca Popular Hugo del Carril,-58.2961,-34.8165,
General Alvarado,06280,Edificio de Cultura,Teatro,Teatro Municipal Abel Santa Cruz,-57.8337,-38.266,
General Alvarado,06280,Edificio de Cultura,Biblioteca Popular Municipal,Biblioteca Popular Municipal General José de San Martín,-57.8435,-38.2783,
General Alvarado,06280,Edificio de Cultura,Museo,Museo Municipal Punta Hermengo,-57.8585,-38.2908,
General Alvarado,06280,Edificio de Cultura,Biblioteca Municipal Popular,Biblioteca Municipal Popular Eloisa M. Rissoli,-57.9945,-38.3427,
General Alvarado,06280,Edificio de Cultura,Asociación Biblioteca Popular,Asociación Biblioteca Popular de Mechongue,-58.223,-38.1509,
General Alvear,06287,Edificio de Cultura,Cine,Espacio INCAA Cine Teatro Tapalqué,-59.9994,-35.9982,
General Alvear,06287,Edificio de Cultura,Biblioteca Popular,Biblioteca Popular Florencio Balcarce,-60.0145,-36.017,
General Arenales,06294,Edificio de Cultura,Biblioteca Popular,Biblioteca Popular Domingo Faustino Sarmiento de Ascencion,-61.1047,-34.231,
General Arenales,06294,Edificio de Cultura,Biblioteca Popular,Biblioteca Popular Bernardino Rivadavia,-61.3567,-34.2084,
General Belgrano,06301,Edificio de Cultura,Biblioteca Popular,Biblioteca Popular Osvaldo Magnasco,-58.4833,-35.75,
General Belgrano,06301,Edificio de Cultura,Museo,Museo Histórico Municipal Alfredo E. Málgura,-58.4924,-35.7681,
General Guido,06308,Edificio de Cultura,Biblioteca Popular,Biblioteca Popular Carlos Guido Spano,-57.792,-36.6411,
General Guido,06308,Edificio de Cultura,Otro,Casa del Bicentenario de Balcarce,-57.9922,-37.0048,
General Guido,06308,Edificio de Cultura,Biblioteca Popular,Biblioteca Popular Manuel José de Labarden,-58.1027,-36.9502,
General Juan Madariaga,06315,Edificio de Cultura,Biblioteca Popular,Biblioteca Popular José Hernández del Club Deportivo El León,-57.139,-36.9956,
General La Madrid,06322,Edificio de Cultura,Archivo y Museo Histórico,Archivo y Museo Histórico Juan Carlos Pacón,-61.2616,-37.2492,
General La Madrid,06322,Edificio de Cultura,Biblioteca Popular,Biblioteca Popular Presidente Mitre,-61.2628,-37.2485,
General Las Heras,06329,Edificio de Cultura,Biblioteca Popular,Biblioteca Popular Felipe de Robles,-58.9333,-34.9167,
General Las Heras,06329,Edificio de Cultura,Cine,Espacio INCAA Cine Teatro Italia,-58.9974,-34.9973,
General Las Heras,06329,Edificio de Cultura,Otro,Casa de la Historia y la Cultura del Bicentenario de Lobos,-58.9993,-34.9989,
General Lavalle,06336,Edificio de Cultura,Biblioteca Popular Pública Municipal,Biblioteca Popular Pública Municipal General Lavalle,-56.9427,-36.4064,
General Paz,06343,Edificio de Cultura,Museo,Museo de Ranchos,-58.3165,-35.5171,
General Paz,06343,Edificio de Cultura,Museo,Museo Ferroviario Ranchos,-58.3166,-35.517,
General Pinto,06351,Edificio de Cultura,Biblioteca Popular,Biblioteca Popular Domingo Faustino Sarmiento,-61.8924,-34.7655,
General Pinto,06351,Edificio de Cultura,Bilioteca Escolar Popular,Bilioteca Escolar Popular Ricardo Rojas,-61.8941,-34.7626,
General Pinto,06351,Edificio de Cultura,Biblioteca Popular,Biblioteca Popular Juan XXIII,-61.9011,-34.7676,
General Pinto,06351,Edificio de Cultura,Biblioteca Popular Escolar,Biblioteca Popular Escolar Antártida Argentina,-62.2003,-34.7897,
General Pueyrredón,06357,Edificio de Cultura,Museo,Museo Municipal de Arte Juan Carlos Castagnino,-57.536,-38.0105,
General Pueyrredón,06357,Edificio de Cultura,Teatro,Teatro Auditorium,-57.5418,-38.005,
General Pueyrredón,06357,Edificio de Cultura,Teatro,Teatro América,-57.5429,-38,
General Pueyrredón,06357,Edificio de Cultura,Cine,Cine Cristal,-57.5431,-38.0019,
General Pueyrredón,06357,Edificio de Cultura,Teatro,Teatro Arenales,-57.5436,-38.0077,
General Pueyrredón,06357,Edificio de Cultura,Teatro,Teatro Corrientes,-57.544,-38.0015,
General Pueyrredón,06357,Edificio de Cultura,Teatro,Teatro del Ángel,-57.5448,-38.0017,
General Pueyrredón,06357,Edificio de Cultura,Otro,La Casa de Enfrente,-57.5453,-37.9977,
General Pueyrredón,06357,Edificio de Cultura,Teatro,Teatro Lido,-57.5453,-38.0009,
General Pueyrredón,06357,Edificio de Cultura,Teatro,Teatro Tronador,-57.5462,-38.0005,
General Pueyrredón,06357,Edificio de Cultura,Museo,Museo Municipal de Ciencias Naturales Lorenzo Scaglia,-57.5468,-37.9911,
General Pueyrredón,06357,Edificio de Cultura,Centro Cultural,Centro Cultural Osvaldo Soriano,-57.5508,-37.9952,
General Pueyrredón,06357,Edificio de Cultura,Teatro,Teatro Independencia,-57.5511,-37.9944,
General Pueyrredón,06357,Edificio de Cultura,Archivo Museo Histórico,Archivo Museo Histórico Municipal Roberto T. Barili,-57.5525,-38.0208,
General Pueyrredón,06357,Edificio de Cultura,Biblioteca Popular,Biblioteca Popular General Manuel Belgrano,-57.5546,-38.0055,
General Pueyrredón,06357,Edificio de Cultura,Biblioteca Popular,Biblioteca Popular Juventud Moderna,-57.5551,-38,
General Pueyrredón,06357,Edificio de Cultura,Otro,La Maga Casa de Arte,-57.5556,-37.9958,
General Pueyrredón,06357,Edificio de Cultura,Otro,El Séptimo Fuego,-57.5602,-37.9971,
General Pueyrredón,06357,Edificio de Cultura,Teatro,Teatro El Galpón de las Artes,-57.562,-38.0037,
General Pueyrredón,06357,Edificio de Cultura,Otro,El Vagón de Los Títeres,-57.5648,-37.9889,
General Pueyrredón,06357,Edificio de Cultura,Biblioteca Popular,Biblioteca Popular Juan Domingo Perón,-57.565,-37.9795,
General Pueyrredón,06357,Edificio de Cultura,Biblioteca Popular y Centro Cultural,Biblioteca Popular y Centro Cultural Mar del Plata,-57.5661,-37.9942,
General Pueyrredón,06357,Edificio de Cultura,Espacio Cultural,Espacio La Bicicleta,-57.5704,-37.9957,
General Pueyrredón,06357,Edificio de Cultura,Biblioteca Popular y Centro Cultural,Biblioteca Popular y Centro Cultural Centenario,-57.5872,-37.9948,
General Pueyrredón,06357,Edificio de Cultura,Biblioteca Popular,Biblioteca Popular Barrio Santa Rita,-57.5928,-38.0177,
General Pueyrredón,06357,Edificio de Cultura,Biblioteca,Asociación Máxima Biblioteca Popular,-57.6345,-37.9555,
General Pueyrredón,06357,Edificio de Cultura,Museo,Museo Municipal José Hernández,-57.7254,-37.9325,
General Rodríguez,06364,Edificio de Cultura,Biblioteca Popular,Biblioteca Popular Leandro N. Alem,-58.9539,-34.6072,
General San Martín,06371,Edificio de Cultura,Biblioteca Popular y Centro Cultural,Biblioteca Popular y Centro Cultural Villa Humberto,-58.5373,-34.576,
General San Martín,06371,Edificio de Cultura,Centro Cultural,Centro Cultural Plaza,-58.5376,-34.5765,
General San Martín,06371,Edificio de Cultura,Biblioteca Popular,Biblioteca Popular General San Martín,-58.5391,-34.5758,
General San Martín,06371,Edificio de Cultura,Biblioteca Popular,Biblioteca Popular Juan Bautista Alberdi,-58.5401,-34.5682,
General San Martín,06371,Edificio de Cultura,Biblioteca Popular,Biblioteca Popular Maestro Diego Pombo,-58.5437,-34.5672,
General San Martín,06371,Edificio de Cultura,Biblioteca Popular,Biblioteca Popular Profesor Carlos Serraz,-58.5501,-34.5681,
General San Martín,06371,Edificio de Cultura,Centro Cultural,Centro Cultural Espacios,-58.5509,-34.5511,
General San Martín,06371,Edificio de Cultura,Otro,Las Musas Club de Arte,-58.5517,-34.5561,
General San Martín,06371,Edificio de Cultura,Centro Cultural y Artístico,Centro Cultural y Artístico Ana Pavlova,-58.5543,-34.5475,
General San Martín,06371,Edificio de Cultura,Biblioteca Popular,Biblioteca Popular Maestra María Silva,-58.5588,-34.5492,
General San Martín,06371,Edificio de Cultura,Biblioteca Escolar Popular,Biblioteca Escolar Popular Fray Mocho,-58.559,-34.5443,
General San Martín,06371,Edificio de Cultura,Biblioteca Popular,Biblioteca Popular Bernardino Rivadavia,-58.5613,-34.5511,
General San Martín,06371,Edificio de Cultura,Biblioteca Popular,Biblioteca Popular Rioplatense,-58.5669,-34.5549,
General San Martín,06371,Edificio de Cultura,Biblioteca Popular,Biblioteca Popular Martín Fierro,-58.5722,-34.5695,
General San Martín,06371,Edificio de Cultura,Museo,Museo Histórico José Hernández - Chacra Pueyrredón,-58.573,-34.5618,
General San Martín,06371,Edificio de Cultura,Biblioteca Popular,Biblioteca Popular Roberto Clemente,-58.5747,-34.5297,
General Viamonte,06385,Edificio de Cultura,Biblioteca Popular,Biblioteca Popular Mariano Moreno,-61.0357,-34.9943,
General Viamonte,06385,Edificio de Cultura,Biblioteca Popular,Biblioteca Popular Minchekewun,-61.0383,-35.0004,
General Villegas,06392,Edificio de Cultura,Biblioteca Popular Pública Municipal,Biblioteca Popular Pública Municipal Dolores A. Cirio de Busso,-62.95,-34.4333,
General Villegas,06392,Edificio de Cultura,Biblioteca Popular Pública Municipal,Biblioteca Popular Pública Municipal Benito Lynch,-62.9846,-34.7772,
General Villegas,06392,Edificio de Cultura,Cine,Espacio INCAA Cine Teatro Pico,-62.9995,-35.0004,
General Villegas,06392,Edificio de Cultura,Biblioteca Popular Pública Municipal,Biblioteca Popular Pública Municipal Domingo Faustino Sarmiento,-63.0131,-35.0338,
General Villegas,06392,Edificio de Cultura,Biblioteca Pública,Biblioteca Pública Fortín de Gainza,-63.1769,-34.5547,
General Villegas,06392,Edificio de Cultura,Biblioteca Escolar Popular,Biblioteca Escolar Popular José Manuel Estrada,-63.3746,-35.0162,
Guaminí,06399,Edificio de Cultura,Biblioteca Popular,Biblioteca Popular José Hernández,-62.242,-36.8094,
Guaminí,06399,Edificio de Cultura,Biblioteca Pública,Biblioteca Pública Mariano Moreno,-62.4162,-37.0131,
Guaminí,06399,Edificio de Cultura,Biblioteca Popular,Biblioteca Popular Dardo Nepomuceno Arditi Rocha,-62.5048,-36.7565,
Guaminí,06399,Edificio de Cultura,Biblioteca Popular,Biblioteca Popular Angela A.B. de Abraham,-62.5619,-37.1362,
Guaminí,06399,Edificio de Cultura,Biblioteca Popular,Biblioteca Popular Doctora Alicia Teresa Morales,-62.6015,-36.561,
Hipólito Yrigoyen,06406,Edificio de Cultura,Biblioteca Popular,Biblioteca Popular Almafuerte,-61.7199,-36.3014,
Hurlingham,06408,Edificio de Cultura,Centro Cultural,Centro Cultural Leopoldo Marechal,-58.6351,-34.6144,
Hurlingham,06408,Edificio de Cultura,Biblioteca Popular y Sociedad de Fomento,Biblioteca Popular y Sociedad de Fomento Julián Aguirre,-58.6394,-34.5924,
Hurlingham,06408,Edificio de Cultura,Biblioteca Popular,Biblioteca Popular Alfredo L. Palacios,-58.6451,-34.5821,
Ituzaingó,06410,Edificio de Cultura,Centro Cultural,Centro Cultural Bernardino Rivadavia,-58.668,-34.658,
Ituzaingó,06410,Edificio de Cultura,Teatro,El Arcón Teatro,-58.6681,-34.6613,
Ituzaingó,06410,Edificio de Cultura,Sociedad y Biblioteca Popular,Sociedad y Biblioteca Popular La Tradición,-58.7007,-34.6203,
José C. Paz,06412,Edificio de Cultura,Biblioteca Popular y Centro Cultural,Biblioteca Popular y Centro Cultural Cooperativo del Viso,-58.809,-34.4605,
Junín,06413,Edificio de Cultura,Biblioteca Popular,Biblioteca Popular Juan Bautista Alberdi,-60.8419,-34.7604,
Junín,06413,Edificio de Cultura,Biblioteca Popular,Biblioteca Popular Esteban Echeverría,-60.9354,-34.5901,
Junín,06413,Edificio de Cultura,Biblioteca Popular,Biblioteca Popular Paz y trabajo,-60.936,-34.5826,
Junín,06413,Edificio de Cultura,Biblioteca Popular,Biblioteca Popular Pedro Aguilera,-60.9433,-34.5732,
Junín,06413,Edificio de Cultura,Biblioteca Popular,Biblioteca Popular 9 de Julio,-60.9447,-34.5959,
Junín,06413,Edificio de Cultura,Biblioteca Popular,Biblioteca Popular José Manuel Estrada,-60.9447,-34.5927,
Junín,06413,Edificio de Cultura,Biblioteca Popular,Biblioteca Popular Manuel Belgrano,-60.9479,-34.5771,
Junín,06413,Edificio de Cultura,Biblioteca Popular,Biblioteca Popular Olegario V. Andrade,-60.9491,-34.5905,
La Costa,06420,Edificio de Cultura,Cine Teatro,Cine Teatro Arenas,-56.6774,-36.6993,
La Costa,06420,Edificio de Cultura,Teatro,Teatro Amarcord Santa Teresita,-56.6901,-36.5411,
La Costa,06420,Edificio de Cultura,Cine,Cine Atlántico,-56.6913,-36.5444,
La Costa,06420,Edificio de Cultura,Cine,Cine Yanel,-56.6918,-36.5353,
La Costa,06420,Edificio de Cultura,Biblioteca Popular,Biblioteca Popular Vito Dumas,-56.6919,-36.5778,
La Costa,06420,Edificio de Cultura,Biblioteca Popular,Biblioteca Popular Las Toninas,-56.6934,-36.487,
La Costa,06420,Edificio de Cultura,Biblioteca Pública,Biblioteca Pública Alfonsina Storni,-56.6977,-36.5325,
La Costa,06420,Edificio de Cultura,Sociedad de Fomento y Biblioteca Popular,Sociedad de Fomento y Biblioteca Popular El Tala,-56.7169,-36.3847,
La Costa,06420,Edificio de Cultura,Biblioteca Popular,Biblioteca Popular Juan XXIII,-56.7242,-36.3578,
La Matanza,06427,Edificio de Cultura,Biblioteca Popular y Centro Cultural,Biblioteca Popular y Centro Cultural José M. Estrada,-58.5092,-34.6885,
La Matanza,06427,Edificio de Cultura,Centro Cultural y Recreativo Biblioteca Popular,Centro Cultural y Recreativo Biblioteca Popular Mariano Moreno,-58.5112,-34.6979,
La Matanza,06427,Edificio de Cultura,Biblioteca Popular,Biblioteca Popular Amigos de La Tablada,-58.5227,-34.6878,
La Matanza,06427,Edificio de Cultura,Biblioteca Popular,Biblioteca Popular Alfonsina Storni,-58.5408,-34.7197,
La Matanza,06427,Edificio de Cultura,Biblioteca Popular,Biblioteca Popular Villa Sahores,-58.5458,-34.6841,
La Matanza,06427,Edificio de Cultura,Museo,Museo Histórico Municipal Rosa Giussani De Piva,-58.5465,-34.6963,
La Matanza,06427,Edificio de Cultura,Teatro,Teatro La Cordura del Copete,-58.5537,-34.6836,
La Matanza,06427,Edificio de Cultura,Biblioteca Popular,Biblioteca Popular Tinkunaku-Lugar de encuentro,-58.554,-34.6619,
La Matanza,06427,Edificio de Cultura,Biblioteca Popular,Biblioteca Popular Almafuerte,-58.5562,-34.6842,
La Matanza,06427,Edificio de Cultura,Teatro,Teatro UOM,-58.5629,-34.6749,
La Matanza,06427,Edificio de Cultura,Centro Cultural y Teatro,Centro Cultural y Teatro Enrique Pinti,-58.5652,-34.6752,
La Matanza,06427,Edificio de Cultura,Biblioteca Popular,Biblioteca Popular Jorge López Llovet,-58.5874,-34.751,
La Matanza,06427,Edificio de Cultura,Biblioteca Popular,Biblioteca Popular Rotaria,-58.5898,-34.701,
La Matanza,06427,Edificio de Cultura,Biblioteca Popular,Biblioteca Popular Delia C. de Armagno,-58.5912,-34.7126,
La Matanza,06427,Edificio de Cultura,Biblioteca Popular,Biblioteca Popular Ceferino Namuncura,-58.6062,-34.7798,
La Matanza,06427,Edificio de Cultura,Biblioteca Popular,Biblioteca Popular Almafuerte de Rafael Castillo,-58.6255,-34.7011,
La Matanza,06427,Edificio de Cultura,Biblioteca Popular,Biblioteca Popular Madre Teresa,-58.6376,-34.81,
La Matanza,06427,Edificio de Cultura,Teatro,Teatro La Cochera,-58.647,-34.769,
La Matanza,06427,Edificio de Cultura,Biblioteca Popular,Biblioteca Popular Virrey del Pino,-58.6555,-34.8505,
La Matanza,06427,Edificio de Cultura,Museo,Museo Histórico Municipal Brigadier General Don Juan Manuel de Rosas,-58.6588,-34.8524,
La Matanza,06427,Edificio de Cultura,Biblioteca Popular,Biblioteca Popular Trabajadores del Yaguane,-58.6723,-34.8344,
La Plata,06441,Edificio de Cultura,Biblioteca,Biblioteca Encuentro Literario,-57.8892,-34.9593,
La Plata,06441,Edificio de Cultura,Biblioteca,Biblioteca Nicolás Avellaneda,-57.9227,-34.9355,
La Plata,06441,Edificio de Cultura,Biblioteca Popular,Biblioteca Popular Dardo Rocha,-57.9235,-34.9251,
La Plata,06441,Edificio de Cultura,Biblioteca,Biblioteca Juan Vucetich,-57.9287,-34.9265,
La Plata,06441,Edificio de Cultura,Biblioteca Popular,Biblioteca Popular E. S. Discepolo para la Cult.Nac.,-57.9287,-34.9406,
La Plata,06441,Edificio de Cultura,Biblioteca,Biblioteca Euforión,-57.9303,-34.9148,
La Plata,06441,Edificio de Cultura,Museo,Museo de Anatomía Veterinaria Dr. Victor Manuel Arroyo,-57.9309,-34.911,
La Plata,06441,Edificio de Cultura,Museo,Museo Almafuerte,-57.933,-34.9247,
La Plata,06441,Edificio de Cultura,Otro,Viejo Almacén El Obrero,-57.9352,-34.9356,
La Plata,06441,Edificio de Cultura,Museo,Museo de La Plata,-57.9354,-34.909,
La Plata,06441,Edificio de Cultura,Biblioteca Popular,Biblioteca Popular Homero Manzi,-57.9402,-34.9144,
La Plata,06441,Edificio de Cultura,Museo,Museo de Calcos,-57.9416,-34.9222,
La Plata,06441,Edificio de Cultura,Biblioteca Popular,Biblioteca Popular Luis A. Repetto,-57.9423,-34.9196,
La Plata,06441,Edificio de Cultura,Museo,Museo de Física,-57.9426,-34.9074,
La Plata,06441,Edificio de Cultura,Museo,Museo de Odontología Orestes Walter Siutti,-57.9427,-34.909,
La Plata,06441,Edificio de Cultura,Museo Policial,Museo Policial,-57.9429,-34.9127,
La Plata,06441,Edificio de Cultura,Biblioteca,Biblioteca Mariano Moreno,-57.9446,-34.9121,
La Plata,06441,Edificio de Cultura,Biblioteca Popular,Biblioteca Popular Mario L. Sureda,-57.9447,-34.9305,
La Plata,06441,Edificio de Cultura,Biblioteca Popular,Biblioteca Popular Instituto Platense de Cult. Hispánica,-57.9463,-34.9156,
La Plata,06441,Edificio de Cultura,Teatro,Teatro Opera,-57.9472,-34.9225,
La Plata,06441,Edificio de Cultura,Biblioteca Popular,Biblioteca Popular Florentino Ameghino,-57.9473,-34.9225,
La Plata,06441,Edificio de Cultura,Museo,Museo de Bellas Artes Emilio Pettoruti,-57.9476,-34.9137,
La Plata,06441,Edificio de Cultura,Teatro,Teatro La Nonna,-57.948,-34.9092,
La Plata,06441,Edificio de Cultura,Teatro,Teatro Acción,-57.9484,-34.9292,
La Plata,06441,Edificio de Cultura,Teatro,El Bombin Teatro,-57.9484,-34.9255,
La Plata,06441,Edificio de Cultura,Biblioteca Popular,Biblioteca Popular Juan Domingo Perón,-57.9487,-34.8991,
La Plata,06441,Edificio de Cultura,Cine Municipal,Cine Municipal Select,-57.9495,-34.9137,
La Plata,06441,Edificio de Cultura,Museo,Museo de Arte Contemporáneo Latinoamericano (Macla),-57.9499,-34.9142,
La Plata,06441,Edificio de Cultura,Biblioteca,Biblioteca Ernesto Sabato,-57.9501,-34.9115,
La Plata,06441,Edificio de Cultura,Teatro,Teatro Argentino,-57.951,-34.9182,
La Plata,06441,Edificio de Cultura,Centro Recreativo Intercultural,Centro Recreativo Intercultural de Artes Crisoles,-57.9519,-34.9031,
La Plata,06441,Edificio de Cultura,Asociación Cultural Biblioteca Popular,Asociación Cultural Biblioteca Popular Vida y Lucha de Elizalde,-57.9521,-34.9504,
La Plata,06441,Edificio de Cultura,Casa Tango y Biblioteca Popular,Casa Tango y Biblioteca Popular Carlos Gardel,-57.9526,-34.9063,
La Plata,06441,Edificio de Cultura,Biblioteca Popular,Biblioteca Popular Bernardino Rivadavia,-57.9532,-34.8993,
La Plata,06441,Edificio de Cultura,Museo,Museo de Instrumentos Musicales Dr. Emilio Azzarini,-57.9537,-34.9112,
La Plata,06441,Edificio de Cultura,Biblioteca Popular,Biblioteca Popular del Otro Lado del Árbol,-57.9539,-34.9207,
La Plata,06441,Edificio de Cultura,Museo,Museo de la Artesanía Tradicional Argentina y Latinoamericana Juan Alfonso Carrizo,-57.9545,-34.903,
La Plata,06441,Edificio de Cultura,Biblioteca Popular,Biblioteca Popular Florentino Ameghino,-57.9546,-34.9163,
La Plata,06441,Edificio de Cultura,Teatro,Teatro Coliseo Podestá,-57.9556,-34.9157,
La Plata,06441,Edificio de Cultura,Cinema,Cinema Paraíso,-57.9567,-34.9158,
La Plata,06441,Edificio de Cultura,Museo,Museo Dardo Rocha,-57.9567,-34.921,
La Plata,06441,Edificio de Cultura,Biblioteca,Biblioteca Libertad,-57.9586,-34.9244,
La Plata,06441,Edificio de Cultura,Museo,Museo del Automóvil Colección Rau,-57.9602,-34.8971,
La Plata,06441,Edificio de Cultura,Museo,Museo de Arte Contemporáneo Beato Angélico,-57.9616,-34.9215,
La Plata,06441,Edificio de Cultura,Museo y Galería Fotográfica,Museo y Galería Fotográfica Mugafo Centro Cultural Islas Malvinas,-57.962,-34.926,
La Plata,06441,Edificio de Cultura,Biblioteca Popular,Biblioteca Popular General San Martin,-57.9635,-34.93,
La Plata,06441,Edificio de Cultura,Archivo Histórico y Museo,Archivo Histórico y Museo del Servicio Penitenciario Bonaerense,-57.9643,-34.9016,
La Plata,06441,Edificio de Cultura,Biblioteca Popular,Biblioteca Popular Joaquin V. Gonzalez,-57.9686,-34.9153,
La Plata,06441,Edificio de Cultura,Biblioteca Popular,Biblioteca Popular Manuel Belgrano,-57.9737,-34.9069,
La Plata,06441,Edificio de Cultura,Biblioteca Popular,Biblioteca Popular Domingo Faustino Sarmiento,-57.9797,-34.8916,
La Plata,06441,Edificio de Cultura,Centro y Biblioteca Popular,Centro y Biblioteca Popular Carlos Bormida,-57.9917,-34.9326,
La Plata,06441,Edificio de Cultura,Biblioteca Popular,Biblioteca Popular Doctor Nicolas Avellaneda,-57.9943,-34.8813,
La Plata,06441,Edificio de Cultura,Biblioteca Popular,Biblioteca Popular Tupac Amaru Infantil y Juvenil,-57.9949,-34.8874,
La Plata,06441,Edificio de Cultura,Biblioteca Popular,Biblioteca Popular Doctor Roman S. Harosteguy,-58.0118,-34.8834,
La Plata,06441,Edificio de Cultura,Biblioteca Popular,Biblioteca Popular Bartolomé Mitre,-58.0163,-34.917,
La Plata,06441,Edificio de Cultura,Centro Cultural y Biblioteca Popular,Centro Cultural y Biblioteca Popular Enlazando palabras,-58.0172,-34.922,
La Plata,06441,Edificio de Cultura,Biblioteca Popular,Biblioteca Popular José Hernández,-58.0179,-34.9049,
La Plata,06441,Edificio de Cultura,Comisión Vecinal y Biblioteca Popular,Comisión Vecinal y Biblioteca Popular Gonnet Bell,-58.0269,-34.8771,
La Plata,06441,Edificio de Cultura,Museo,Museo Arqueológico A.L'Abri,-58.0379,-34.8861,
La Plata,06441,Edificio de Cultura,Biblioteca Popular,Biblioteca Popular Florentino Ameghino,-58.0449,-34.8695,
La Plata,06441,Edificio de Cultura,Biblioteca,Biblioteca Romerense,-58.052,-34.9485,
La Plata,06441,Edificio de Cultura,Teatro,Teatro de Cámara Lumen Artis,-58.0523,-34.8664,
La Plata,06441,Edificio de Cultura,Centro Cultural,Centro Cultural Villa Elisa,-58.0795,-34.8532,
La Plata,06441,Edificio de Cultura,Biblioteca Popular,Biblioteca Popular Alejo Iglesias,-58.0806,-34.852,
La Plata,06441,Edificio de Cultura,Biblioteca,Biblioteca Ruta del Sol,-58.1778,-34.9502,
Lanús,06434,Edificio de Cultura,Biblioteca Popular,Biblioteca Popular Monte Chingolo,-58.3507,-34.7314,
Lanús,06434,Edificio de Cultura,Biblioteca Popular,Biblioteca Popular Olga Cossettini,-58.3539,-34.7148,
Lanús,06434,Edificio de Cultura,Biblioteca Popular,Biblioteca Popular Villa Mauricio,-58.3706,-34.7299,
Lanús,06434,Edificio de Cultura,Otro,El Matute Cultural,-58.3716,-34.693,
Lanús,06434,Edificio de Cultura,Biblioteca Popular,Biblioteca Popular Libertador San Martín,-58.3717,-34.715,
Lanús,06434,Edificio de Cultura,Biblioteca Popular,Biblioteca Popular Doctor E. Angel Barriocanal,-58.386,-34.7287,
Lanús,06434,Edificio de Cultura,Otro,Espacio Disparate Casa de Artes,-58.3872,-34.7073,
Lanús,06434,Edificio de Cultura,Biblioteca Popular Municipal,Biblioteca Popular Municipal Mariano Moreno,-58.388,-34.7054,
Lanús,06434,Edificio de Cultura,Biblioteca Popular,Biblioteca Popular Juan B. Justo,-58.3895,-34.7296,
Lanús,06434,Edificio de Cultura,Museo,Museo de Arte Contemporáneo del Sur - MACSur,-58.3935,-34.708,
Lanús,06434,Edificio de Cultura,Biblioteca Popular,Biblioteca Popular José Mármol,-58.3948,-34.6755,
Lanús,06434,Edificio de Cultura,Biblioteca Popular,Biblioteca Popular Alberdi,-58.3963,-34.726,
Lanús,06434,Edificio de Cultura,Biblioteca Popular,Biblioteca Popular Casa de Cultura,-58.399,-34.7387,
Lanús,06434,Edificio de Cultura,Biblioteca Popular y Sociedad de Fomento,Biblioteca Popular y Sociedad de Fomento Domingo Faustino Sarmiento,-58.4094,-34.671,
Lanús,06434,Edificio de Cultura,Biblioteca Popular,Biblioteca Popular Osvaldo Pugliese,-58.4113,-34.7037,
Lanús,06434,Edificio de Cultura,Biblioteca Popular,Biblioteca Popular Florentino Ameghino,-58.4113,-34.696,
Lanús,06434,Edificio de Cultura,Biblioteca Popular,Biblioteca Popular 1 de Mayo,-58.4158,-34.6825,
Lanús,06434,Edificio de Cultura,Biblioteca Popular,Biblioteca Popular 16 de Septiembre,-58.4172,-34.7236,
Lanús,06434,Edificio de Cultura,Biblioteca Popular,Biblioteca Popular Mariano Moreno,-58.4173,-34.6997,
Laprida,06448,Edificio de Cultura,Biblioteca Popular,Biblioteca Popular Laprida,-60.7996,-37.5428,
Las Flores,06455,Edificio de Cultura,Otro,Espacio Teatral Delborde,-59.0976,-36.0229,
Las Flores,06455,Edificio de Cultura,Biblioteca Popular,Biblioteca Popular 25 de Mayo,-59.0991,-36.0128,
Las Flores,06455,Edificio de Cultura,Cine,Cine San Martín,-59.0994,-36.0157,
Las Flores,06455,Edificio de Cultura,Biblioteca Popular,Biblioteca Popular Doctor Pablo A. Minellondo,-59.0996,-36.0148,
Las Flores,06455,Edificio de Cultura,Biblioteca Popular,Biblioteca Popular Ferroviaria Ingeniero C. Echague,-59.1053,-36.0145,
Leandro N. Alem,06462,Edificio de Cultura,Biblioteca Popular,Biblioteca Popular Mariano Moreno,-61.3911,-34.52,
Leandro N. Alem,06462,Edificio de Cultura,Biblioteca Popular Municipal,Biblioteca Popular Municipal Esteban Echeverria,-61.5423,-34.4964,
Leandro N. Alem,06462,Edificio de Cultura,Biblioteca Popular,Biblioteca Popular Domingo Faustino Sarmiento,-61.8103,-34.4408,
Lezama,06466,Edificio de Cultura,Biblioteca Popular,Biblioteca Popular José Ingenieros,-57.8992,-35.8753,
Lincoln,06469,Edificio de Cultura,Biblioteca Popular,Biblioteca Popular Bartolomé Mitre,-61.2878,-34.8671,
Lincoln,06469,Edificio de Cultura,Biblioteca Popular,Biblioteca Popular Fortín de la Cultura El Triunfo,-61.5125,-35.0878,
Lincoln,06469,Edificio de Cultura,Biblioteca Popular,Biblioteca Popular Paula Albarracín de Sarmiento,-61.5232,-34.8621,
Lincoln,06469,Edificio de Cultura,Otro,Ateneo Cultural Municipal,-61.5244,-34.8704,
Lincoln,06469,Edificio de Cultura,Museo,Museo Enrique Urcola,-61.5271,-34.87,
Lincoln,06469,Edificio de Cultura,Biblioteca Popular,Biblioteca Popular Juan Bautista Alberdi,-61.5292,-34.8691,
Lincoln,06469,Edificio de Cultura,Biblioteca Popular Municipal,Biblioteca Popular Municipal Domingo Faustino Sarmiento,-61.5326,-34.87,
Lincoln,06469,Edificio de Cultura,Biblioteca Popular,Biblioteca Popular José M. Estrada,-61.7754,-34.9864,
Lincoln,06469,Edificio de Cultura,Asociación Biblioteca Popular Municipal,Asociación Biblioteca Popular Municipal Jullian de Castiglioni,-61.8063,-35.3622,
Lincoln,06469,Edificio de Cultura,Biblioteca Popular,Biblioteca Popular José Ingenieros,-61.972,-35.1405,
Lincoln,06469,Edificio de Cultura,Biblioteca Popular,Biblioteca Popular Domingo Faustino Sarmiento,-61.9904,-35.3924,
Lincoln,06469,Edificio de Cultura,Otro,Casa del Bicentenario de Trenque Lauquen,-62,-35,
Lobería,06476,Edificio de Cultura,Biblioteca Popular,Biblioteca Popular Domingo Faustino Sarmiento,-58.784,-38.1647,
Lobería,06476,Edificio de Cultura,Museo,Museo de Ciencias Naturales Gesuán P. Noseda,-58.7846,-38.1675,
Lobería,06476,Edificio de Cultura,Biblioteca Popular,Biblioteca Popular San Manuel,-58.8474,-37.7865,
Lobos,06483,Edificio de Cultura,Biblioteca Popular,Biblioteca Popular Héroes de Malvinas,-59.0933,-35.1844,
Lobos,06483,Edificio de Cultura,Biblioteca Popular,Biblioteca Popular Albino Capponi,-59.0962,-35.1855,
Lobos,06483,Edificio de Cultura,Biblioteca Popular,Biblioteca Popular Rivadavia,-59.0962,-35.1854,
Lobos,06483,Edificio de Cultura,Museo y Biblioteca Provincial,Museo y Biblioteca Provincial Presidente Juan Domingo Perón,-59.0971,-35.1903,
Lobos,06483,Edificio de Cultura,Teatro,El Teatrito,-59.098,-35.1867,
Lobos,06483,Edificio de Cultura,Biblioteca Popular,Biblioteca Popular Domingo Faustino Sarmiento,-59.0992,-35.1698,
Lomas de Zamora,06490,Edificio de Cultura,Biblioteca Popular,Biblioteca Popular San Juan,-58.3437,-34.7509,
Lomas de Zamora,06490,Edificio de Cultura,Biblioteca Popular,Biblioteca Popular San José,-58.3639,-34.7495,
Lomas de Zamora,06490,Edificio de Cultura,Biblioteca Popular,Biblioteca Popular Julio Cortázar de Lomas Este,-58.3835,-34.7519,
Lomas de Zamora,06490,Edificio de Cultura,Centro Cultural,Centro Cultural El Refugio,-58.3882,-34.7436,
Lomas de Zamora,06490,Edificio de Cultura,Teatro,Teatro Maipú,-58.3907,-34.7435,
Lomas de Zamora,06490,Edificio de Cultura,Museo,Museo de Artes Plásticas Pío Collivadino,-58.3934,-34.7483,
Lomas de Zamora,06490,Edificio de Cultura,Biblioteca Popular,Biblioteca Popular Madre Teresa de Calcuta,-58.3941,-34.7479,
Lomas de Zamora,06490,Edificio de Cultura,Teatro,Ceta Teatro,-58.3943,-34.7476,
Lomas de Zamora,06490,Edificio de Cultura,Otro,El Galpón de Banfield,-58.3949,-34.7445,
Lomas de Zamora,06490,Edificio de Cultura,Biblioteca Popular e Instituto Cultural,Biblioteca Popular e Instituto Cultural Juan Maria Gutierrez,-58.3965,-34.762,
Lomas de Zamora,06490,Edificio de Cultura,Auditorio,Auditorio Sur,-58.3975,-34.7744,
Lomas de Zamora,06490,Edificio de Cultura,Centro Cultural y Social,Centro Cultural y Social No Me Olvides,-58.3982,-34.7672,
Lomas de Zamora,06490,Edificio de Cultura,Casa de Cultura,Casa de Cultura Temperley,-58.3991,-34.7774,
Lomas de Zamora,06490,Edificio de Cultura,Teatro,Teatro de las Memorias,-58.3996,-34.7582,
Lomas de Zamora,06490,Edificio de Cultura,Complejo Cultural,Complejo Cultural Banfield Teatro Ensamble,-58.3998,-34.7512,
Lomas de Zamora,06490,Edificio de Cultura,Teatro,Teatro Coliseo Lomas,-58.3998,-34.7614,
Lomas de Zamora,06490,Edificio de Cultura,Biblioteca Popular,Biblioteca Popular Vicente Longhi,-58.4011,-34.7824,
Lomas de Zamora,06490,Edificio de Cultura,Biblioteca Popular,Biblioteca Popular Antonio Mentruyt,-58.4011,-34.7611,
Lomas de Zamora,06490,Edificio de Cultura,Biblioteca Popular,Biblioteca Popular Domingo Faustino Sarmiento,-58.402,-34.7396,
Lomas de Zamora,06490,Edificio de Cultura,Teatro,Teatro Nueva Roma,-58.403,-34.7808,
Lomas de Zamora,06490,Edificio de Cultura,Teatro,Teatro del Municipio de Lomas de Zamora,-58.4038,-34.757,
Lomas de Zamora,06490,Edificio de Cultura,Biblioteca Popular,Biblioteca Popular de la ciudad,-58.4059,-34.7549,
Lomas de Zamora,06490,Edificio de Cultura,Biblioteca Popular,Biblioteca Popular La Margarita Blanca,-58.408,-34.7781,
Lomas de Zamora,06490,Edificio de Cultura,Biblioteca Popular,Biblioteca Popular Escritores Argentinos,-58.4314,-34.8013,
Lomas de Zamora,06490,Edificio de Cultura,Otro,Casa Carlos Fuentealba,-58.4322,-34.7965,
Lomas de Zamora,06490,Edificio de Cultura,Biblioteca Popular y Sociedad de Fomento,Biblioteca Popular y Sociedad de Fomento Roberto Arlt,-58.4461,-34.7101,
Lomas de Zamora,06490,Edificio de Cultura,Biblioteca Popular,Biblioteca Popular Alfonsina Storni,-58.4468,-34.7499,
Lomas de Zamora,06490,Edificio de Cultura,Biblioteca Popular,Biblioteca Popular Leopoldo Marechal,-58.4558,-34.7136,
Luján,06497,Edificio de Cultura,Biblioteca Popular,Biblioteca Popular Juan Bautista Alberdi,-59.0765,-34.4888,
Luján,06497,Edificio de Cultura,Biblioteca Popular,Biblioteca Popular Ernesto Sabato,-59.1017,-34.5681,
Luján,06497,Edificio de Cultura,Biblioteca Popular,Biblioteca Popular Santa Elena,-59.1109,-34.5606,
Luján,06497,Edificio de Cultura,Bibiblioteca Obrera,Bibiblioteca Obrera Jean Jaures,-59.1111,-34.5655,
Luján,06497,Edificio de Cultura,Biblioteca Popular,Biblioteca Popular Ameghino,-59.1155,-34.5657,
Luján,06497,Edificio de Cultura,Cinema,Cinema Rosso,-59.1158,-34.5641,
Luján,06497,Edificio de Cultura,Teatro,Teatro Municipal Trinidad Guevara,-59.1183,-34.5658,
Luján,06497,Edificio de Cultura,Museo,Museo Municipal de Bellas Artes Fernán Félix de Amador,-59.1201,-34.5625,
Luján,06497,Edificio de Cultura,Complejo Museográfico Provincial,Complejo Museográfico Provincial Enrique Udaondo,-59.1217,-34.5628,
Magdalena,06505,Edificio de Cultura,Biblioteca Popular,Biblioteca Popular Edmundo Girardengo,-57.7525,-35.0882,
Maipú,06511,Edificio de Cultura,Biblioteca Popular Municipal,Biblioteca Popular Municipal Juan José Elizondo,-57.8803,-36.8598,
Malvinas Argentinas,06515,Edificio de Cultura,Biblioteca Popular,Biblioteca Popular de los Polvorines,-58.6905,-34.502,
Malvinas Argentinas,06515,Edificio de Cultura,Biblioteca Popular,Biblioteca Popular Pablo Nogués,-58.7057,-34.4786,
Malvinas Argentinas,06515,Edificio de Cultura,Biblioteca Popular,Biblioteca Popular William C.Morris,-58.7228,-34.4911,
Malvinas Argentinas,06515,Edificio de Cultura,Biblioteca,La Esperanza del Callao y Biblioteca Popular,-58.7363,-34.4662,
Malvinas Argentinas,06515,Edificio de Cultura,Biblioteca Popular,Biblioteca Popular El Cruce de Papel,-58.7405,-34.4889,
Mar Chiquita,06518,Edificio de Cultura,Biblioteca Popular,Biblioteca Popular Bartolomé Mirabelli,-57.5078,-37.8418,
Mar Chiquita,06518,Edificio de Cultura,Biblioteca Popular,Biblioteca Popular Libro y escuela,-57.7287,-37.4459,
Mar Chiquita,06518,Edificio de Cultura,Biblioteca Popular,Biblioteca Popular José María Viglietti,-57.7739,-37.2762,
Marcos Paz,06525,Edificio de Cultura,Biblioteca Popular,Biblioteca Popular General San Martín,-58.8376,-34.7811,
Marcos Paz,06525,Edificio de Cultura,Cine Teatro,Cine Teatro Roma,-58.8385,-34.7812,
Mercedes,06532,Edificio de Cultura,Centro Cultural,Centro Cultural Julio Cesar Gioscio,-59.4309,-34.6508,
Mercedes,06532,Edificio de Cultura,Biblioteca Popular,Biblioteca Popular Domingo Faustino Sarmiento,-59.4315,-34.6492,
Mercedes,06532,Edificio de Cultura,Cine,Cine Mercedes,-59.433,-34.6522,
Merlo,06539,Edificio de Cultura,Biblioteca Popular,Biblioteca Popular Malvinas argentinas,-58.6904,-34.6893,
Merlo,06539,Edificio de Cultura,Biblioteca Popular,Biblioteca Popular Ricardo Guiraldes de San Antonio de Padua,-58.6986,-34.6672,
Merlo,06539,Edificio de Cultura,Biblioteca Popular,Biblioteca Popular Genesis,-58.7116,-34.6504,
Merlo,06539,Edificio de Cultura,Teatro,Teatro Municipal de Merlo Enrique Santos Discépolo,-58.7233,-34.6666,
Merlo,06539,Edificio de Cultura,Espacio Cultural,Espacio Cultural Homero Manzi,-58.7254,-34.6652,
Merlo,06539,Edificio de Cultura,Biblioteca Popular,Biblioteca Popular Mariano Moreno,-58.7521,-34.6609,
Merlo,06539,Edificio de Cultura,Biblioteca Popular,Biblioteca Popular Manuel Galvez,-58.7691,-34.6799,
Merlo,06539,Edificio de Cultura,Biblioteca Popular,Biblioteca Popular Perito Moreno,-58.7898,-34.7105,
Monte,06547,Edificio de Cultura,Asociacion Cooperadora de la Biblioteca,Asociacion Cooperadora de la Biblioteca José Manuel,-58.8044,-35.2811,
Monte,06547,Edificio de Cultura,Centro Cultural Municipal,Centro Cultural Municipal Poeta Enrique Uza,-58.8052,-35.4411,
Monte,06547,Edificio de Cultura,Biblioteca Popular Municipal,Biblioteca Popular Municipal Manuel Belgrano,-58.8067,-35.4378,
Monte,06547,Edificio de Cultura,Biblioteca Popular,Biblioteca Popular Domingo Faustino Sarmiento,-58.8867,-35.5463,
Monte Hermoso,06553,Edificio de Cultura,Biblioteca Popular,Biblioteca Popular Monte Hermoso,-61.289,-38.9853,
Moreno,06560,Edificio de Cultura,Biblioteca,Sociedad de fomento San Pedro y Biblioteca Popular,-58.7474,-34.6482,
Moreno,06560,Edificio de Cultura,Biblioteca Popular,Biblioteca Popular Ciudad de Paso del Rey,-58.7539,-34.6498,
Moreno,06560,Edificio de Cultura,Biblioteca Popular,Biblioteca Popular Horacio Quiroga,-58.767,-34.6036,
Moreno,06560,Edificio de Cultura,Teatro,Teatro Municipal Leopoldo Marechal de Moreno,-58.7909,-34.6513,
Moreno,06560,Edificio de Cultura,Biblioteca Popular,Biblioteca Popular Vicky,-58.7914,-34.634,
Moreno,06560,Edificio de Cultura,Biblioteca Popular,Biblioteca Popular El Centro y los Chicos,-58.8158,-34.6712,
Moreno,06560,Edificio de Cultura,Asociación Civil Biblioteca Popular,Asociación Civil Biblioteca Popular El Cobijo,-58.8379,-34.6775,
Moreno,06560,Edificio de Cultura,Biblioteca Popular,Biblioteca Popular San José Obrero,-58.8427,-34.6114,
Moreno,06560,Edificio de Cultura,Biblioteca Popular,Biblioteca Popular Vicenta Castro Cambon,-58.8561,-34.6348,
Moreno,06560,Edificio de Cultura,Biblioteca Popular Casa.Cultural,Biblioteca Popular Casa.Cultural Barrio Parque San Carlos,-58.8751,-34.6483,
Morón,06568,Edificio de Cultura,Biblioteca Popular Pública,Biblioteca Popular Pública Rosario Vera Peñaloza,-58.5864,-34.6469,
Morón,06568,Edificio de Cultura,Teatro,El Errante Club de Teatro,-58.594,-34.6258,
Morón,06568,Edificio de Cultura,Biblioteca Popular,Biblioteca Popular Parlante Sur,-58.6015,-34.6404,
Morón,06568,Edificio de Cultura,Biblioteca Popular,Biblioteca Popular Arturo Jauretche de El Palomar,-58.6055,-34.6277,
Morón,06568,Edificio de Cultura,Otro,Cultural Discóbolo,-58.6204,-34.656,
Morón,06568,Edificio de Cultura,Teatro,Teatro Municipal de Morón,-58.6225,-34.6506,
Morón,06568,Edificio de Cultura,Museo,Museo Histórico y de Arte General José de San Martín,-58.6242,-34.6488,
Morón,06568,Edificio de Cultura,Asociación y Biblioteca Popular,Asociación y Biblioteca Popular Juan Salvador Gaviota,-58.6243,-34.6549,
Morón,06568,Edificio de Cultura,Otro,La Casa del Poeta,-58.625,-34.6516,
Morón,06568,Edificio de Cultura,Museo,Museo Nacional de Aeronáutica Brig. Edmundo H. Civati Bernasconi,-58.6302,-34.6724,
Morón,06568,Edificio de Cultura,Biblioteca Popular,Biblioteca Popular José Hernández,-58.6392,-34.6903,
Morón,06568,Edificio de Cultura,Biblioteca Popular,Biblioteca Popular 9 de Julio,-58.6411,-34.6532,
Morón,06568,Edificio de Cultura,Teatro,Teatro Roberto Duran,-58.6501,-34.644,
Navarro,06574,Edificio de Cultura,Biblioteca Popular Pública,Biblioteca Popular Pública José R. de Erenchun,-59.2775,-35.0058,
Navarro,06574,Edificio de Cultura,Biblioteca Popular y Centro Cultural,Biblioteca Popular y Centro Cultural Almafuerte,-59.5426,-34.9232,
Necochea,06581,Edificio de Cultura,Biblioteca Popular,Biblioteca Popular de Quequén,-58.7151,-38.5572,
Necochea,06581,Edificio de Cultura,Biblioteca Popular,Biblioteca Popular Domingo Faustino Sarmiento,-58.7339,-38.5525,
Necochea,06581,Edificio de Cultura,Museo y Archivo Histórico Regional,Museo y Archivo Histórico Regional de Necochea,-58.7377,-38.5821,
Necochea,06581,Edificio de Cultura,Biblioteca Popular,Biblioteca Popular José M. Estrada,-58.7388,-38.5533,
Necochea,06581,Edificio de Cultura,Biblioteca Popular,Biblioteca Popular Andrés Ferreyra,-58.7389,-38.5575,
Necochea,06581,Edificio de Cultura,Teatro,Teatro Municipal Luis Sandrini,-58.739,-38.5573,
Necochea,06581,Edificio de Cultura,Cine Teatro,Cine Teatro Paris,-58.7418,-38.5523,
Necochea,06581,Edificio de Cultura,Biblioteca Popular Pública,Biblioteca Popular Pública José Hernández,-59.263,-38.0067,
Olavarría,06595,Edificio de Cultura,Biblioteca Popular,Biblioteca Popular Sierras Bayas,-60.1589,-36.932,
Olavarría,06595,Edificio de Cultura,Biblioteca Popular,Biblioteca Popular Domingo Faustino Sarmiento,-60.1632,-36.8631,
Olavarría,06595,Edificio de Cultura,Biblioteca Popular,Biblioteca Popular Sierra Chica,-60.2417,-36.8456,
Olavarría,06595,Edificio de Cultura,Biblioteca Popular,Biblioteca Popular Héctor N. Amoroso,-60.309,-36.8977,
Olavarría,06595,Edificio de Cultura,Teatro,Teatro Municipal Olavarria,-60.3225,-36.8941,
Olavarría,06595,Edificio de Cultura,Biblioteca Popular,Biblioteca Popular Ferroviaria M.Gandhi,-60.3238,-36.8981,
Olavarría,06595,Edificio de Cultura,Biblioteca Popular,Biblioteca Popular Armando Collinet,-60.3253,-36.8933,
Olavarría,06595,Edificio de Cultura,Biblioteca Popular,Biblioteca Popular 1 de Mayo,-60.3253,-36.8887,
Olavarría,06595,Edificio de Cultura,Biblioteca Popular,Biblioteca Popular Coty Laborde,-60.3324,-36.8883,
Olavarría,06595,Edificio de Cultura,Biblioteca Popular,Biblioteca Popular Independencia,-60.3396,-36.8887,
Patagones,06602,Edificio de Cultura,Casa de la Cultura,Casa de la Cultura Carmen de Patagones,-62.9846,-40.8036,
Patagones,06602,Edificio de Cultura,Biblioteca Popular,Biblioteca Popular Cervantes,-62.9848,-40.8019,
Patagones,06602,Edificio de Cultura,Museo,Museo Histórico Regional Emma Nozzi,-62.9856,-40.8034,
Patagones,06602,Edificio de Cultura,Museo,Museo Carmen de Patagones de la Prefectura Naval Argentina,-62.9897,-40.7997,
Pehuajó,06609,Edificio de Cultura,Biblioteca Popular,Biblioteca Popular Bernardino Rivadavia,-61.8976,-35.8094,
Pehuajó,06609,Edificio de Cultura,Biblioteca Popular,Biblioteca Popular Agustín Álvarez,-61.8997,-35.8153,
Pehuajó,06609,Edificio de Cultura,Biblioteca Popular,Biblioteca Popular Doctor Dardo Rocha,-61.9001,-35.8167,
Pehuajó,06609,Edificio de Cultura,Biblioteca Popular,Biblioteca Popular Nuestra Señora de Luján,-62.067,-35.8534,
Pehuajó,06609,Edificio de Cultura,Biblioteca Popular,Biblioteca Popular Domingo Faustino Sarmiento,-62.298,-35.8566,
Pellegrini,06616,Edificio de Cultura,Biblioteca Popular,Biblioteca Popular Bartolomé Mitre,-63.1663,-36.2679,
Pergamino,06623,Edificio de Cultura,Biblioteca Pública,Biblioteca Pública Domingo Faustino Sarmiento,-60.3815,-33.9253,
Pergamino,06623,Edificio de Cultura,Biblioteca Popular,Biblioteca Popular Domingo Faustino Sarmiento,-60.5053,-34.0281,
Pergamino,06623,Edificio de Cultura,Teatro,Teatro Municipal Unión Ferroviaria,-60.57,-33.8899,
Pergamino,06623,Edificio de Cultura,Biblioteca Popular,Biblioteca Popular Guido y Spano,-60.5754,-33.8952,
Pergamino,06623,Edificio de Cultura,Biblioteca Popular Pública Municipal,Biblioteca Popular Pública Municipal Doctor Menéndez,-60.5763,-33.8956,
Pergamino,06623,Edificio de Cultura,Biblioteca Popular,Biblioteca Popular José Manuel Estrada,-60.5804,-33.8982,
Pergamino,06623,Edificio de Cultura,Biblioteca Popular,Biblioteca Popular Manuel Belgrano,-60.5812,-33.8898,
Pergamino,06623,Edificio de Cultura,Biblioteca Popular,Biblioteca Popular Domingo Faustino Sarmiento,-60.5815,-33.8929,
Pergamino,06623,Edificio de Cultura,Biblioteca Popular,Biblioteca Popular Almafuerte,-60.65,-33.7667,
Pergamino,06623,Edificio de Cultura,Biblioteca Popular,Biblioteca Popular Melchor Echague,-60.7081,-33.6633,
Pila,06630,Edificio de Cultura,Biblioteca Popular Pública Municipal,Biblioteca Popular Pública Municipal Bartolomé Mitre,-58.1415,-36.0039,
Pilar,06638,Edificio de Cultura,Biblioteca Popular,Biblioteca Popular P.U.M.A.,-58.7764,-34.4583,
Pilar,06638,Edificio de Cultura,Biblioteca Popular,Biblioteca Popular Presidente Derqui,-58.836,-34.4932,
Pilar,06638,Edificio de Cultura,Biblioteca Popular,Biblioteca Popular Bartolomé Mitre,-58.914,-34.4577,
Pilar,06638,Edificio de Cultura,Biblioteca Popular,Biblioteca Popular Javier Velazquez,-58.9931,-34.4541,
Pinamar,06644,Edificio de Cultura,Teatro,Teatro de la Torre,-56.8642,-37.1117,
Pinamar,06644,Edificio de Cultura,Biblioteca Popular,Biblioteca Popular Manuel Belgrano,-56.867,-37.1087,
Pinamar,06644,Edificio de Cultura,Biblioteca Popular,Biblioteca Popular de Ostende,-56.8892,-37.1245,
Puán,06651,Edificio de Cultura,Biblioteca Popular,Biblioteca Popular Bernardino Rivadavia,-62.7665,-37.5486,
Puán,06651,Edificio de Cultura,Museo,Museo Municipal Ignacio Balvidares,-62.7674,-37.5434,
Puán,06651,Edificio de Cultura,Casa y Biblioteca Popular,Casa y Biblioteca Popular José Hernández,-63.0386,-37.8062,
Puán,06651,Edificio de Cultura,Biblioteca Popular,Biblioteca Popular Sur,-63.1591,-37.6929,
Punta Indio,06655,Edificio de Cultura,Biblioteca Popular,Biblioteca Popular Mariano Moreno,-57.3391,-35.3854,
Quilmes,06658,Edificio de Cultura,Biblioteca Popular,Biblioteca Popular del Río de Quilmes,-58.2297,-34.7076,
Quilmes,06658,Edificio de Cultura,Biblioteca Popular,Biblioteca Popular de Ezpeleta Alfonsina Storni,-58.2352,-34.75,
Quilmes,06658,Edificio de Cultura,Biblioteca Popular,Biblioteca Popular Atahualpas,-58.2434,-34.7509,
Quilmes,06658,Edificio de Cultura,Museo,Museo de Artes Visuales Victor E. Roverano,-58.2519,-34.7192,
Quilmes,06658,Edificio de Cultura,Teatro,Teatro Municipal de Quilmes,-58.2533,-34.7226,
Quilmes,06658,Edificio de Cultura,Biblioteca Popular Municipal,Biblioteca Popular Municipal Domingo Faustino Sarmiento,-58.2539,-34.7212,
Quilmes,06658,Edificio de Cultura,Museo,Museo Municipal Histórico Fotográfico de Quilmes Gerónima Irma Giles y Gaetano De Mayol,-58.2541,-34.7258,
Quilmes,06658,Edificio de Cultura,Biblioteca Popular,Biblioteca Popular José de San Martín,-58.2581,-34.7269,
Quilmes,06658,Edificio de Cultura,Centro Cultural,Centro Cultural Polaridades,-58.2703,-34.7239,
Quilmes,06658,Edificio de Cultura,Museo,Museo Municipal del Transporte Don Carlos Hillner y Decoud,-58.274,-34.7502,
Quilmes,06658,Edificio de Cultura,Biblioteca Popular,Biblioteca Popular Pedro Goyena,-58.2742,-34.7231,
Quilmes,06658,Edificio de Cultura,Asociación y Biblioteca Popular,Asociación y Biblioteca Popular Doctor Juan Martín Vilaseca,-58.2767,-34.7339,
Quilmes,06658,Edificio de Cultura,Biblioteca Popular,Biblioteca Popular Los Cooperarios,-58.2799,-34.7533,
Quilmes,06658,Edificio de Cultura,Biblioteca Popular,Biblioteca Popular José Manuel Estrada,-58.28,-34.7066,
Quilmes,06658,Edificio de Cultura,Asociación Cultural,Asociación Cultural Mariano Moreno,-58.2835,-34.7109,
Quilmes,06658,Edificio de Cultura,Museo,Museo Municipal Histórico Regional Almirante Brown,-58.2847,-34.7123,
Quilmes,06658,Edificio de Cultura,Biblioteca Popular,Biblioteca Popular Ricardo Rojas,-58.2906,-34.768,
Quilmes,06658,Edificio de Cultura,Biblioteca Popular,Biblioteca Popular de Don Bosco,-58.2941,-34.7,
Quilmes,06658,Edificio de Cultura,Biblioteca Popular y Asociación Vecinal,Biblioteca Popular y Asociación Vecinal Santos Vega,-58.297,-34.7177,
Quilmes,06658,Edificio de Cultura,Biblioteca Popular,Biblioteca Popular Joan Rico de Bahía,-58.3069,-34.7702,
Quilmes,06658,Edificio de Cultura,Biblioteca Popular,Biblioteca Popular Juan Bautista Alberdi,-58.3098,-34.7779,
Ramallo,06665,Edificio de Cultura,Biblioteca Popular,Biblioteca Popular Rincón de Luz,-59.9788,-33.5686,
Ramallo,06665,Edificio de Cultura,Biblioteca Popular,Biblioteca Popular José Manuel Estrada,-60.0021,-33.4845,
Ramallo,06665,Edificio de Cultura,Biblioteca Popular,Biblioteca Popular Fortunato Zampa,-60.0687,-33.4996,
Ramallo,06665,Edificio de Cultura,Biblioteca Popular Escolar,Biblioteca Popular Escolar Perez Millan,-60.0955,-33.7738,
Ramallo,06665,Edificio de Cultura,Biblioteca Popular,Biblioteca Popular Carlos Ángel González,-60.1454,-33.4367,
Rauch,06672,Edificio de Cultura,Ropero Comunitario y Biblioteca Popular,Ropero Comunitario y Biblioteca Popular Eva Perón,-59.0861,-36.7718,
Rauch,06672,Edificio de Cultura,Biblioteca Popular,Biblioteca Popular Guido y Spano,-59.0923,-36.7777,
Rauch,06672,Edificio de Cultura,Museo,Museo Municipal de Artes Plásticas Faustino Jorge Bonadeo,-59.0933,-36.7784,
Rivadavia,06679,Edificio de Cultura,Biblioteca Municipal Popular,Biblioteca Municipal Popular Doctor Tomás Jofré,-62.9723,-35.4871,
Rojas,06686,Edificio de Cultura,Biblioteca Popular Pública Municipal,Biblioteca Popular Pública Municipal W.T.de P.de Galiano,-60.7321,-34.1991,
Rojas,06686,Edificio de Cultura,Biblioteca Popular,Biblioteca Popular Juan Bautista Alberdi de Rojas,-60.7334,-34.2012,
Roque Pérez,06693,Edificio de Cultura,Centro Cultural,Centro Cultural Roque Perez,-59.3325,-35.3984,
Roque Pérez,06693,Edificio de Cultura,Biblioteca Popular,Biblioteca Popular Esteban Echeverría,-59.335,-35.3978,
Saavedra,06700,Edificio de Cultura,Biblioteca Popular,Biblioteca Popular Juan Bautista Alberdi,-62.3145,-37.5099,
Saavedra,06700,Edificio de Cultura,Biblioteca Popular,Biblioteca Popular Juan Bautista Alberdi,-62.3481,-37.7686,
Saavedra,06700,Edificio de Cultura,Biblioteca Popular,Biblioteca Popular Domingo Faustino Sarmiento,-62.4039,-37.6051,
Saavedra,06700,Edificio de Cultura,Museo y Archivo,Museo y Archivo de La Ciudad de Pigüé,-62.418,-37.6065,
Saladillo,06707,Edificio de Cultura,Biblioteca Popular Municipal,Biblioteca Popular Municipal Bartolomé Mitre,-59.7826,-35.6409,
Salliqueló,06721,Edificio de Cultura,Museo,Museo Gabriel Campomar Cervera,-62.9592,-36.7524,
Salto,06714,Edificio de Cultura,Museo,Museo Rincón de Historia,-60.2496,-34.2931,
Salto,06714,Edificio de Cultura,Biblioteca Popular,Biblioteca Popular Mariano Moreno,-60.2517,-34.2918,
Salto,06714,Edificio de Cultura,Biblioteca Popular,Biblioteca Popular Doctor Tristán G. Lobos,-60.2537,-34.2937,
Salto,06714,Edificio de Cultura,Biblioteca Popular,Biblioteca Popular Domingo Faustino Sarmiento,-60.2544,-34.2896,
Salto,06714,Edificio de Cultura,Biblioteca Popular,Biblioteca Popular Juan Bautista Alberdi,-60.2553,-34.2958,
Salto,06714,Edificio de Cultura,Cine,Cine Cervantes,-60.2553,-34.293,
Salto,06714,Edificio de Cultura,Biblioteca Popular,Biblioteca Popular Renacer,-60.4107,-34.1031,
San Andrés de Giles,06728,Edificio de Cultura,Biblioteca Popular,Biblioteca Popular Alberdi,-59.4473,-34.4434,
San Antonio de Areco,06735,Edificio de Cultura,Museo,Museo Evocativo Y De Bellas Artes Osvaldo Gasparini,-59.4688,-34.2472,
San Antonio de Areco,06735,Edificio de Cultura,Biblioteca Popular,Biblioteca Popular Belgrano,-59.4731,-34.2433,
San Antonio de Areco,06735,Edificio de Cultura,Biblioteca Popular,Biblioteca Popular Mariano Moreno,-59.4735,-34.2485,
San Antonio de Areco,06735,Edificio de Cultura,Museo,Museo de Artes Plásticas Juan B. Tapia,-59.4743,-34.243,
San Antonio de Areco,06735,Edificio de Cultura,Centro Cultural Museo,Centro Cultural Museo y Usina Vieja,-59.4751,-34.2424,
San Antonio de Areco,06735,Edificio de Cultura,Museo,Parque Criollo y Museo Gauchesco Ricardo Güiraldes,-59.4816,-34.2375,
San Cayetano,06742,Edificio de Cultura,Biblioteca Popular,Biblioteca Popular Domingo Faustino Sarmiento,-59.6103,-38.3453,
San Cayetano,06742,Edificio de Cultura,Biblioteca Popular,Biblioteca Popular Bernardino Rivadavia,-59.6125,-38.3453,
San Fernando,06749,Edificio de Cultura,Biblioteca Popular,Biblioteca Popular Rómulo S. Naín,-58.5418,-34.454,
San Fernando,06749,Edificio de Cultura,Teatro,Teatro Municipal Julio Martinelli,-58.5428,-34.4544,
San Fernando,06749,Edificio de Cultura,Museo,Museo Ovni y de la Ciencia,-58.5542,-34.4365,
San Fernando,06749,Edificio de Cultura,Biblioteca Popular y Sociedad de Fomento,Biblioteca Popular y Sociedad de Fomento Santa Genoveva,-58.5579,-34.443,
San Fernando,06749,Edificio de Cultura,Biblioteca Popular,Biblioteca Popular Delta del Paraná,-58.558,-34.4431,
San Fernando,06749,Edificio de Cultura,Teatro,Teatro Ateneo Popular Esteban Echeverría,-58.5585,-34.4393,
San Fernando,06749,Edificio de Cultura,Biblioteca Popular,Biblioteca Popular Juan N. Madero,-58.5603,-34.4383,
San Fernando,06749,Edificio de Cultura,Biblioteca Popular,Biblioteca Popular Doctora Alicia Moreau de Justo,-58.5649,-34.4569,
San Fernando,06749,Edificio de Cultura,Biblioteca Popular,Biblioteca Popular de San Fernando Leopoldo Murcho,-58.5741,-34.4482,
San Fernando,06749,Edificio de Cultura,Biblioteca Popular,Biblioteca Popular La Casa de las Palabras,-58.5743,-34.4625,
San Isidro,06756,Edificio de Cultura,Teatro,Teatro de la Cova,-58.4898,-34.4837,
San Isidro,06756,Edificio de Cultura,Biblioteca Popular,Biblioteca Popular Bernardino Rivadavia,-58.4999,-34.4864,
San Isidro,06756,Edificio de Cultura,Teatro,Teatro de la Media Legua,-58.4999,-34.4864,
San Isidro,06756,Edificio de Cultura,Museo,Museo Chavón De Huantar,-58.5005,-34.4987,
San Isidro,06756,Edificio de Cultura,Museo,Museo Histórico Municipal Brigadier General Juan M. Pueyrredón,-58.5033,-34.4702,
San Isidro,06756,Edificio de Cultura,Casa de Cultura,Casa de Cultura Acassuso,-58.5053,-34.4796,
San Isidro,06756,Edificio de Cultura,Biblioteca Popular,Biblioteca Popular de la Ribera,-58.5069,-34.4659,
San Isidro,06756,Edificio de Cultura,Museo Biblioteca y Archivo Histórico Municipal,Museo Biblioteca y Archivo Histórico Municipal de San Isidro Dr. Horacio Beccar Varela,-58.5073,-34.4673,
San Isidro,06756,Edificio de Cultura,Otro,El Silo del Bajo,-58.5084,-34.4624,
San Isidro,06756,Edificio de Cultura,Teatro,Teatro Auditorio San Isidro,-58.5093,-34.4684,
San Isidro,06756,Edificio de Cultura,Teatro,Teatro Stella Maris,-58.5094,-34.4704,
San Isidro,06756,Edificio de Cultura,Biblioteca Popular,Biblioteca Popular Juan M. de Pueyrredón,-58.5104,-34.4682,
San Isidro,06756,Edificio de Cultura,Teatro,Teatro Municipal del Viejo Concejo de San Isidro,-58.5105,-34.4679,
San Isidro,06756,Edificio de Cultura,Casa de Cultura,Casa de Cultura San Isidro Centro,-58.513,-34.4736,
San Isidro,06756,Edificio de Cultura,Biblioteca Popular,Biblioteca Popular del Labrador,-58.5167,-34.4709,
San Isidro,06756,Edificio de Cultura,Museo,Museo Lucy Mattos,-58.5203,-34.459,
San Isidro,06756,Edificio de Cultura,Centro Cívico Cultural,Centro Cívico Cultural Beccar,-58.5271,-34.461,
San Isidro,06756,Edificio de Cultura,Casa de Cultura,Casa de Cultura de Villa Adelina,-58.543,-34.5167,
San Isidro,06756,Edificio de Cultura,Biblioteca Popular y Centro Cultural,Biblioteca Popular y Centro Cultural de Beccar,-58.547,-34.4715,
San Isidro,06756,Edificio de Cultura,Biblioteca Popular,Biblioteca Popular Club de madres de B.Sauce,-58.5477,-34.465,
San Isidro,06756,Edificio de Cultura,Biblioteca Popular,Biblioteca Popular Cava Joven,-58.5495,-34.4745,
San Isidro,06756,Edificio de Cultura,Biblioteca Popular,Biblioteca Popular Martín Güemes,-58.5501,-34.528,
San Isidro,06756,Edificio de Cultura,Museo,Museo de la Palabra,-58.5531,-34.5207,
San Miguel,06760,Edificio de Cultura,Biblioteca Popular,Biblioteca Popular Hist. E. I. Munzon,-58.6681,-34.5585,
San Miguel,06760,Edificio de Cultura,Biblioteca Popular,Biblioteca Popular Entre Todos,-58.688,-34.581,
San Miguel,06760,Edificio de Cultura,Museo,Museo Mariposas del Mundo,-58.704,-34.5401,
San Miguel,06760,Edificio de Cultura,Biblioteca Popular Municipal,Biblioteca Popular Municipal Domingo Faustino Sarmiento,-58.712,-34.5437,
San Miguel,06760,Edificio de Cultura,Biblioteca Popular,Biblioteca Popular El Faro,-58.7173,-34.5664,
San Nicolás,06763,Edificio de Cultura,Biblioteca Popular,Biblioteca Popular Barrio del Carmen,-60.209,-33.3543,
San Nicolás,06763,Edificio de Cultura,Museo y Biblioteca,Museo y Biblioteca de La Casa del Acuerdo de San Nicolás,-60.2164,-33.3298,
San Nicolás,06763,Edificio de Cultura,Biblioteca Popular,Biblioteca Popular Domingo Faustino Sarmiento,-60.2167,-33.3272,
San Nicolás,06763,Edificio de Cultura,Biblioteca Popular,Biblioteca Popular Rafael de Aguiar,-60.218,-33.3376,
San Nicolás,06763,Edificio de Cultura,Museo y Archivo Histórico Municipal,Museo y Archivo Histórico Municipal Don Gregorio Santiago Chervo,-60.221,-33.3272,
San Nicolás,06763,Edificio de Cultura,Biblioteca Popular,Biblioteca Popular Técnica de la Esc. Industrial,-60.2242,-33.335,
San Pedro,06770,Edificio de Cultura,Museo,Museo Fray José María Bottaro,-59.6617,-33.6757,
San Pedro,06770,Edificio de Cultura,Teatro,Teatro Municipal Siripo,-59.6631,-33.6781,
San Pedro,06770,Edificio de Cultura,Biblioteca Popular,Biblioteca Popular Rafael Obligado,-59.664,-33.6764,
San Pedro,06770,Edificio de Cultura,Cine Teatro,Cine Teatro La Palma,-59.668,-33.6787,
San Pedro,06770,Edificio de Cultura,Biblioteca Popular,Biblioteca Popular Domingo Faustino Sarmiento,-59.875,-33.881,
San Vicente,06778,Edificio de Cultura,Biblioteca Popular,Biblioteca Popular Domingo Faustino Sarmiento,-58.3832,-34.9745,
San Vicente,06778,Edificio de Cultura,Biblioteca Popular,Biblioteca Popular Bartolomé Mitre,-58.4228,-35.0247,
Suipacha,06784,Edificio de Cultura,Biblioteca Popular y Museo,Biblioteca Popular y Museo José Manuel Estrada,-59.6895,-34.7702,
Tandil,06791,Edificio de Cultura,Biblioteca Popular Escolar,Biblioteca Popular Escolar Juan José Castelli,-58.9169,-37.2519,
Tandil,06791,Edificio de Cultura,Biblioteca Popular,Biblioteca Popular Monseñor Luis J. Actis,-59.1125,-37.3222,
Tandil,06791,Edificio de Cultura,Biblioteca Popular,Biblioteca Popular de las Mujeres,-59.1201,-37.3363,
Tandil,06791,Edificio de Cultura,Biblioteca Popular,Biblioteca Popular Martín Fierro,-59.1238,-37.2952,
Tandil,06791,Edificio de Cultura,Biblioteca Popular y Sociedad de Fomento,Biblioteca Popular y Sociedad de Fomento Doctor Mariano Moreno,-59.1279,-37.3114,
Tandil,06791,Edificio de Cultura,Museo,Museo Histórico Fuerte Independencia,-59.1307,-37.3206,
Tandil,06791,Edificio de Cultura,Museo,Museo Tradicionalista del Fuerte,-59.1311,-37.3201,
Tandil,06791,Edificio de Cultura,Biblioteca Popular,Biblioteca Popular Juan Bautista Alberdi,-59.1358,-37.3154,
Tandil,06791,Edificio de Cultura,Biblioteca Popular,Biblioteca Popular Juan Antonio Salceda,-59.1364,-37.3144,
Tandil,06791,Edificio de Cultura,Teatro,Teatro Municipal del Fuerte,-59.1365,-37.33,
Tandil,06791,Edificio de Cultura,Biblioteca Popular,Biblioteca Popular Juan B. Justo,-59.1371,-37.3192,
Tandil,06791,Edificio de Cultura,Museo,Museo Municipal de Bellas Artes de Tandil (Mumbat),-59.1372,-37.3303,
Tandil,06791,Edificio de Cultura,Biblioteca Popular,Biblioteca Popular Bernardino Rivadavia,-59.1377,-37.3268,
Tandil,06791,Edificio de Cultura,Teatro,Teatro La Fábrica,-59.1388,-37.3288,
Tandil,06791,Edificio de Cultura,Biblioteca Popular Municipal,Biblioteca Popular Municipal Asociación Sala Abierta de Lectura Infanto Juvenil,-59.1401,-37.3257,
Tandil,06791,Edificio de Cultura,Biblioteca Popular,Biblioteca Popular Juan L. Vatuone,-59.1467,-37.3265,
Tandil,06791,Edificio de Cultura,Biblioteca Popular,Biblioteca Popular Ernesto Valor,-59.1559,-37.3188,
Tandil,06791,Edificio de Cultura,Biblioteca Popular,Biblioteca Popular Paula Albarracín de Sarmiento,-59.1568,-37.2929,
Tandil,06791,Edificio de Cultura,Biblioteca Popular,Biblioteca Popular Sarmiento- Villa Italia- Tandil,-59.1587,-37.2949,
Tandil,06791,Edificio de Cultura,Biblioteca Popular,Biblioteca Popular Bepo Ghezzi,-59.1634,-37.3186,
Tandil,06791,Edificio de Cultura,Biblioteca Popular,Biblioteca Popular José Ingenieros,-59.5075,-37.3986,
Tapalqué,06798,Edificio de Cultura,Biblioteca Popular,Biblioteca Popular Ramón Desiderio Parodi,-60.0188,-36.3613,
Tapalqué,06798,Edificio de Cultura,Biblioteca Popular Municipal,Biblioteca Popular Municipal José Hernández,-60.0237,-36.3573,
Tapalqué,06798,Edificio de Cultura,Biblioteca Popular,Biblioteca Popular General Bartolomé Mitre,-60.0242,-36.358,
Tapalqué,06798,Edificio de Cultura,Museo y Centro de Cultura,Museo y Centro de Cultura,-60.0243,-36.355,
Tapalqué,06798,Edificio de Cultura,Biblioteca Popular,Biblioteca Popular General San Martín,-60.0287,-36.3518,
Tigre,06805,Edificio de Cultura,Teatro,Teatro Nini Marshall,-58.5763,-34.4182,
Tigre,06805,Edificio de Cultura,Centro Cultural,Centro Cultural Comunitario y Biblioteca Popular Caraguata,-58.5809,-34.4227,
Tigre,06805,Edificio de Cultura,Biblioteca Popular,Biblioteca Popular Domingo Faustino Sarmiento,-58.5846,-34.4202,
Tigre,06805,Edificio de Cultura,Museo,Museo Naval de La Nación,-58.5862,-34.4129,
Tigre,06805,Edificio de Cultura,Museo,Museo Histórico de La Prefectura Naval Argentina,-58.5878,-34.4208,
Tigre,06805,Edificio de Cultura,Museo,Museo de la Reconquista,-58.59,-34.4166,
Tigre,06805,Edificio de Cultura,Museo,Museo de Arte Tigre,-58.591,-34.4089,
Tigre,06805,Edificio de Cultura,Biblioteca Popular,Biblioteca Popular Troncos del Talar,-58.6039,-34.4507,
Tigre,06805,Edificio de Cultura,Biblioteca Popular,Biblioteca Popular Mariano Moreno,-58.609,-34.4822,
Tigre,06805,Edificio de Cultura,Biblioteca Popular,Biblioteca Popular Constancio C.Vigil,-58.611,-34.3955,
Tigre,06805,Edificio de Cultura,Biblioteca Popular y del Cine,Biblioteca Popular y del Cine Leonardo Favio,-58.6206,-34.4849,
Tigre,06805,Edificio de Cultura,Biblioteca Popular,Biblioteca Popular Juan José Castelli,-58.6344,-34.4541,
Tigre,06805,Edificio de Cultura,Biblioteca Popular,Biblioteca Popular José Ingenieros,-58.6349,-34.494,
Tigre,06805,Edificio de Cultura,Biblioteca Popular,Biblioteca Popular Unión de Educ. de Tigre,-58.6418,-34.4594,
Tigre,06805,Edificio de Cultura,Teatro,Teatro Hindu,-58.6438,-34.5001,
Tigre,06805,Edificio de Cultura,Biblioteca Popular y Centro Cultural,Biblioteca Popular y Centro Cultural El talar,-58.6459,-34.4657,
Tigre,06805,Edificio de Cultura,Biblioteca Popular,Biblioteca Popular Ricardo Rojas,-58.6784,-34.4599,
Tigre,06805,Edificio de Cultura,Biblioteca Popular,Biblioteca Popular Lopez Camelo,-58.6953,-34.4489,
Tigre,06805,Edificio de Cultura,Biblioteca Popular,Biblioteca Popular Ricardo Güiraldes,-58.6985,-34.4124,
Tordillo,06812,Edificio de Cultura,Biblioteca Municipal Popular,Biblioteca Municipal Popular José Manuel Estrada,-57.3241,-36.5183,
Tornquist,06819,Edificio de Cultura,Biblioteca Popular,Biblioteca Popular General San Martin,-61.7702,-38.2049,
Tornquist,06819,Edificio de Cultura,Biblioteca Popular,Biblioteca Popular Mariano Moreno,-61.794,-38.1341,
Tornquist,06819,Edificio de Cultura,Asociación Biblioteca Popular,Asociación Biblioteca Popular Macedonio Fernández,-61.9349,-38.0856,
Tornquist,06819,Edificio de Cultura,Museo,Museo Histórico Regional Fuerte Argentino,-62.2242,-38.1021,
Tornquist,06819,Edificio de Cultura,Teatro,Teatro Municipal Rodolfo Funke Torquinst,-62.2243,-38.1006,
Tornquist,06819,Edificio de Cultura,Biblioteca Popular,Biblioteca Popular Ernesto Tornquist,-62.2247,-38.1016,
Tornquist,06819,Edificio de Cultura,Biblioteca Popular,Biblioteca Popular Juan F. Cornaccini,-62.7,-38.1833,
Trenque Lauquen,06826,Edificio de Cultura,Museo,Museo Histórico de Las Campañas al Desierto General Conrado E. Villegas,-62.727,-35.9791,
Trenque Lauquen,06826,Edificio de Cultura,Biblioteca Popular Pública,Biblioteca Popular Pública Rivadavia,-62.7322,-35.9747,
Trenque Lauquen,06826,Edificio de Cultura,Biblioteca Popular,Biblioteca Popular Bartolomé Mitre,-62.7404,-35.9793,
Tres Arroyos,06833,Edificio de Cultura,Biblioteca Popular Pública,Biblioteca Popular Pública Amigos del libro,-59.7823,-38.6874,
Tres Arroyos,06833,Edificio de Cultura,Biblioteca Popular,Biblioteca Popular San Francisco de Bellocq,-60.0151,-38.6913,
Tres Arroyos,06833,Edificio de Cultura,Museo,Museo Regional de Claromecó Aníbal Paz,-60.074,-38.8579,
Tres Arroyos,06833,Edificio de Cultura,Biblioteca Popular,Biblioteca Popular Doctor B.A. Houssay,-60.0742,-38.8573,
Tres Arroyos,06833,Edificio de Cultura,Biblioteca Popular,Biblioteca Popular Domingo Faustino Sarmiento,-60.2723,-38.3792,
Tres Arroyos,06833,Edificio de Cultura,Museo,Museo de Bellas Artes de Tres Arroyos,-60.2733,-38.3785,
Tres Arroyos,06833,Edificio de Cultura,Cine,Cine El Solar del Tortoni,-60.2742,-38.3797,
Tres Arroyos,06833,Edificio de Cultura,Biblioteca Popular,Biblioteca Popular Vicente P. Cacuri,-60.275,-38.3795,
Tres Arroyos,06833,Edificio de Cultura,Biblioteca Popular,Biblioteca Popular Doctor José Campano,-60.276,-38.3804,
Tres Arroyos,06833,Edificio de Cultura,Museo,Museo Municipal José A. Mulazzi,-60.2788,-38.3744,
Tres Arroyos,06833,Edificio de Cultura,Biblioteca Popular,Biblioteca Popular José Ingenieros,-60.2808,-38.3789,
Tres Arroyos,06833,Edificio de Cultura,Biblioteca Popular,Biblioteca Popular La Tranquera,-60.292,-38.3643,
Tres Arroyos,06833,Edificio de Cultura,Biblioteca Popular,Biblioteca Popular Un mundo de libros,-60.3439,-38.8911,
Tres Arroyos,06833,Edificio de Cultura,Biblioteca Popular,Biblioteca Popular Almafuerte,-60.4524,-38.7229,
Tres Arroyos,06833,Edificio de Cultura,Biblioteca Popular,Biblioteca Popular Luz y Cultura,-60.467,-38.4946,
Tres de Febrero,06840,Edificio de Cultura,Instituto y Biblioteca Popular,Instituto y Biblioteca Popular Almafuerte,-58.5291,-34.6046,
Tres de Febrero,06840,Edificio de Cultura,Asociación Cultural y Biblioteca Popular,Asociación Cultural y Biblioteca Popular Mariano Moreno,-58.5299,-34.6007,
Tres de Febrero,06840,Edificio de Cultura,Biblioteca Popular,Biblioteca Popular José Ingenieros,-58.5389,-34.6177,
Tres de Febrero,06840,Edificio de Cultura,Otro,La Brújula al Oeste,-58.5424,-34.6381,
Tres de Febrero,06840,Edificio de Cultura,Biblioteca Popular,Biblioteca Popular Domingo Faustino Sarmiento,-58.5426,-34.6022,
Tres de Febrero,06840,Edificio de Cultura,Museo,Museo Histórico del Ejército Argentino,-58.5434,-34.6308,
Tres de Febrero,06840,Edificio de Cultura,Cine Teatro,Cine Teatro Ocean,-58.5439,-34.6013,
Tres de Febrero,06840,Edificio de Cultura,Biblioteca Popular,Biblioteca Popular Etelvina L. de Giorello,-58.5498,-34.6032,
Tres de Febrero,06840,Edificio de Cultura,Biblioteca Popular,Biblioteca Popular 15 de Agosto,-58.5514,-34.6178,
Tres de Febrero,06840,Edificio de Cultura,Biblioteca Popular,Biblioteca Popular General San Martín,-58.5587,-34.6035,
Tres de Febrero,06840,Edificio de Cultura,Biblioteca Popular,Biblioteca Popular Bartolomé Mitre,-58.5632,-34.6101,
Tres de Febrero,06840,Edificio de Cultura,Cine Teatro,Cine Teatro Paramount,-58.564,-34.6054,
Tres de Febrero,06840,Edificio de Cultura,Biblioteca Popular,Biblioteca Popular Patria y Labor,-58.565,-34.6099,
Tres de Febrero,06840,Edificio de Cultura,Biblioteca Popular,Biblioteca Popular Juan Bautista Alberdi,-58.5657,-34.6079,
Tres de Febrero,06840,Edificio de Cultura,Cine Teatro,Cine Teatro Helios,-58.5929,-34.6039,
Tres de Febrero,06840,Edificio de Cultura,Biblioteca Popular,Biblioteca Popular Ciudad Jardin,-58.5939,-34.5977,
Tres de Febrero,06840,Edificio de Cultura,Teatro,Teatro El Baldio,-58.5947,-34.5981,
Tres de Febrero,06840,Edificio de Cultura,Biblioteca Popular,Biblioteca Popular Juan Manuel Giufra,-58.5953,-34.6066,
Tres Lomas,06847,Edificio de Cultura,Biblioteca Popular,Biblioteca Popular Bernardino Rivadavia,-62.8583,-36.4618,
Vicente López,06861,Edificio de Cultura,Museo,Museo Rómulo Raggio,-58.4757,-34.5277,
Vicente López,06861,Edificio de Cultura,Biblioteca Popular,Biblioteca Popular Sudestada,-58.4786,-34.5371,
Vicente López,06861,Edificio de Cultura,Otro,Foro de las Ciencias y las Artes,-58.4792,-34.5318,
Vicente López,06861,Edificio de Cultura,Biblioteca Popular,Biblioteca Popular Bernardo Delom,-58.4826,-34.5257,
Vicente López,06861,Edificio de Cultura,Teatro,Teatro de Repertorio del Norte,-58.4832,-34.531,
Vicente López,06861,Edificio de Cultura,Cine Teatro,Cine Teatro York,-58.485,-34.5077,
Vicente López,06861,Edificio de Cultura,Casa de la Cultura Municipal,Casa de la Cultura Municipal,-58.4859,-34.5094,
Vicente López,06861,Edificio de Cultura,Biblioteca Popular,Biblioteca Popular Vicente Lopez y Planes,-58.4915,-34.5094,
Vicente López,06861,Edificio de Cultura,Museo,Museo Forrajería De La Familia García,-58.4916,-34.5269,
Vicente López,06861,Edificio de Cultura,Otro,Núcleo Espacio Artístico,-58.4927,-34.5069,
Vicente López,06861,Edificio de Cultura,Biblioteca Popular,Biblioteca Popular Arandu,-58.4933,-34.5202,
Vicente López,06861,Edificio de Cultura,Museo,Museo de la Piedra Argentina,-58.4969,-34.544,
Vicente López,06861,Edificio de Cultura,Biblioteca Popular,Biblioteca Popular León Adolfo Vienni,-58.5026,-34.5468,
Vicente López,06861,Edificio de Cultura,Biblioteca Popular,Biblioteca Popular Nora Bombelli,-58.5112,-34.5328,
Vicente López,06861,Edificio de Cultura,Museo,Museo del Cine Lumiton,-58.5159,-34.5279,
Vicente López,06861,Edificio de Cultura,Centro Cultural Municipal,Centro Cultural Municipal Munro,-58.5239,-34.5304,
Vicente López,06861,Edificio de Cultura,Biblioteca Popular,Biblioteca Popular José Murillo,-58.5277,-34.5462,
Villa Gesell,06868,Edificio de Cultura,Teatro,Teatro Gesell Plaza,-56.9697,-37.2571,
Villa Gesell,06868,Edificio de Cultura,Casa de la Cultura,Casa de la Cultura de Villa Gesell,-56.9722,-37.2613,
Villa Gesell,06868,Edificio de Cultura,Biblioteca Popular,Biblioteca Popular Rafael Obligado,-56.9723,-37.2546,
Villa Gesell,06868,Edificio de Cultura,Otro,La Casa de los Artistas,-56.9867,-37.2757,
Villa Gesell,06868,Edificio de Cultura,Asociación de Fomento,Asociación de Fomento Atlántica y Biblioteca Popular,-56.9895,-37.2692,
Villa Gesell,06868,Edificio de Cultura,Centro Cultural,Centro Cultural Homero Manzi,-56.9913,-37.2832,
Villarino,06875,Edificio de Cultura,Biblioteca Popular,Biblioteca Popular Argerich,-62.6056,-38.7735,
Villarino,06875,Edificio de Cultura,Biblioteca Popular Escolar,Biblioteca Popular Escolar Cervantes,-62.6089,-39.2595,
Villarino,06875,Edificio de Cultura,Biblioteca Popular,Biblioteca Popular Hilario Ascasubi,-62.65,-39.3762,
Villarino,06875,Edificio de Cultura,Biblioteca Popular Pública,Biblioteca Popular Pública Bartolomé Mitre,-62.6957,-38.8238,
Zárate,06882,Edificio de Cultura,Biblioteca Popular,Biblioteca Popular Domingo Faustino Sarmiento,-59.021,-34.1008,
Zárate,06882,Edificio de Cultura,Biblioteca Popular Pública Municipal,Biblioteca Popular Pública Municipal Doctor H. Pérez de la Torre,-59.0211,-34.1012,
Zárate,06882,Edificio de Cultura,Cine Teatro,Cine Teatro Coliseo,-59.0221,-34.0975,
,,,,,,,
,,,,,,,
,,,,,,,
,,,,,,,
,,,,,,,
,,,,,,,
